graphOrder,graphType,graphMeanDegree,graphIndex,simCounter,gossipType,meanL1AbsoluteError,varL1AbsoluteError,meanL2Error,varL2Error,meanRounds,varRounds,meanEffectiveRounds,varEffectiveRounds,meanWastedRounds,varWastedRounds,meanMessages,varMessages,meanBusyMessages,varBusyMessages,meanSharedNeighbors,stoppingThreshold
200,SF,19.0,0,0,WEIGHTED,1.1513832321431996E-5,6.028253039229329E-11,1.925494524663838E-10,5.606964404069707E-20,10.504999999999994,0.9245979899497475,10.504999999999994,0.9245979899497475,0.0,206.99,206.99,13223.989849246229,0.0,0.0,2.4095979899,3
200,SF,19.0,0,1,WEIGHTED,1.1339341346374712E-5,6.039698628094369E-11,1.8867566351914201E-10,6.98265707167148E-20,10.8,1.155778894472363,10.8,1.155778894472363,0.0,213.61499999999995,213.61499999999995,14813.68520100502,0.0,0.0,2.4095979899,3
200,SF,19.0,0,2,WEIGHTED,1.718301183669336E-5,1.2930730422433718E-10,4.239166634831594E-10,2.6520650294332627E-19,12.249999999999998,1.092964824120603,12.249999999999998,1.092964824120603,0.0,242.32000000000005,242.32000000000005,18607.67597989949,0.0,0.0,2.4095979899,3
200,SF,19.0,0,3,WEIGHTED,2.0305875258932463E-5,1.6087915759235313E-10,5.724033318357167E-10,4.229401723410689E-19,12.530000000000003,1.335778894472362,12.530000000000003,1.335778894472362,0.0,247.34,247.34,19097.723015075382,0.0,0.0,2.4095979899,3
200,SF,19.0,0,4,WEIGHTED,1.997850397271905E-5,1.9079957634545153E-10,5.889861994516755E-10,5.142828884907337E-19,11.89,1.1737688442211058,11.89,1.1737688442211058,0.0,234.02500000000006,234.02500000000006,16782.597361809054,0.0,0.0,2.4095979899,3
200,SF,19.0,0,5,WEIGHTED,1.3588181197068945E-5,7.83288429983694E-11,2.6257586702775554E-10,1.0560512294225753E-19,11.395,1.0542462311557788,11.395,1.0542462311557788,0.0,224.37000000000003,224.37000000000003,15413.32974874372,0.0,0.0,2.4095979899,3
200,SF,19.0,0,6,WEIGHTED,1.5592184245533665E-5,1.1774649990101843E-10,3.602739769481814E-10,2.1760733406257804E-19,12.045,1.1286180904522611,12.045,1.1286180904522611,0.0,236.89499999999998,236.89499999999998,17218.184899497486,0.0,0.0,2.4095979899,3
200,SF,19.0,0,7,WEIGHTED,1.974778485723139E-5,1.531364718246401E-10,5.42345796233014E-10,3.865245468924763E-19,12.539999999999996,1.3049246231155769,12.539999999999996,1.3049246231155769,0.0,247.5149999999999,247.5149999999999,19094.90429648242,0.0,0.0,2.4095979899,3
200,SF,19.0,0,8,WEIGHTED,1.7677595771303226E-5,1.4765958156009689E-10,4.5941867590589465E-10,3.039869058506843E-19,11.45,1.314070351758794,11.45,1.314070351758794,0.0,226.5750000000001,226.5750000000001,16325.88379396985,0.0,0.0,2.4095979899,3
200,SF,19.0,0,9,WEIGHTED,1.826005496735006E-5,1.6190069308594666E-10,4.945207970311624E-10,5.566605022752444E-19,11.784999999999993,1.114346733668343,11.784999999999993,1.114346733668343,0.0,233.09499999999989,233.09499999999989,17436.629120603015,0.0,0.0,2.4095979899,3
200,SF,19.0,0,10,WEIGHTED,1.2629471334212878E-5,8.062685501561001E-11,2.397272669222371E-10,1.1309823958616756E-19,11.135000000000007,0.9113316582914581,11.135000000000007,0.9113316582914581,0.0,219.5850000000001,219.5850000000001,14714.1233919598,0.0,0.0,2.4095979899,3
200,SF,19.0,0,11,WEIGHTED,1.7472058048984004E-5,1.402296010573108E-10,4.448012655190904E-10,3.0114217299356145E-19,12.465000000000009,1.1042964824120605,12.465000000000009,1.1042964824120605,0.0,246.16500000000008,246.16500000000008,18957.203793969846,0.0,0.0,2.4095979899,3
200,SF,19.0,0,12,WEIGHTED,1.5469370204013173E-5,9.879074552272951E-11,3.375982063039267E-10,1.8214116686776547E-19,12.545000000000002,1.2341457286432165,12.545000000000002,1.2341457286432165,0.0,247.72000000000014,247.72000000000014,19445.107135678394,0.0,0.0,2.4095979899,3
200,SF,19.0,0,13,WEIGHTED,2.0677418601877098E-5,1.651872983894416E-10,5.919170019347475E-10,4.459427632799697E-19,12.525000000000002,1.3461055276381915,12.525000000000002,1.3461055276381915,0.0,247.02499999999995,247.02499999999995,18795.5018844221,0.0,0.0,2.4095979899,3
200,SF,19.0,0,14,WEIGHTED,2.0305875258934675E-5,1.6087915759283392E-10,5.724033318362853E-10,4.2294017234178224E-19,12.530000000000003,1.335778894472362,12.530000000000003,1.335778894472362,0.0,247.34,247.34,19097.723015075382,0.0,0.0,2.4095979899,3
200,SF,19.0,0,15,WEIGHTED,1.4707125677811963E-5,9.124113943287732E-11,3.0708447943866887E-10,1.411952085162833E-19,11.515,1.2962562814070333,11.515,1.2962562814070333,0.0,227.11999999999998,227.11999999999998,16016.699095477388,0.0,0.0,2.4095979899,3
200,SF,19.0,0,16,WEIGHTED,1.0401040323705367E-5,5.095827424831785E-11,1.5888512269242136E-10,3.490978784481043E-20,12.059999999999997,0.7803015075376889,12.059999999999997,0.7803015075376889,0.0,237.92999999999995,237.92999999999995,17465.06040201004,0.0,0.0,2.4095979899,3
200,SF,19.0,0,17,WEIGHTED,1.290974867822814E-5,7.013040216091554E-11,2.3644136108512414E-10,7.000440142361972E-20,12.465000000000003,1.3153517587939687,12.465000000000003,1.3153517587939687,0.0,246.45000000000007,246.45000000000007,19333.273869346714,0.0,0.0,2.4095979899,3
200,SF,19.0,0,18,WEIGHTED,2.0296804879887955E-5,1.60055499387403E-10,5.71215510222709E-10,4.191014002789615E-19,12.530000000000003,1.335778894472362,12.530000000000003,1.335778894472362,0.0,247.34,247.34,19097.723015075382,0.0,0.0,2.4095979899,3
200,SF,19.0,0,19,WEIGHTED,1.6036440522613213E-5,7.793801999615015E-11,3.3471575453148073E-10,1.0436328203679086E-19,12.48,1.3563819095477385,12.48,1.3563819095477385,0.0,246.845,246.845,19473.04620603015,0.0,0.0,2.4095979899,3
200,SF,19.0,0,20,WEIGHTED,1.8298812706772363E-5,1.3421051251691998E-10,4.683860064318687E-10,2.654533823312746E-19,12.034999999999995,1.079170854271357,12.034999999999995,1.079170854271357,0.0,237.53,237.53,17536.602110552773,0.0,0.0,2.4095979899,3
200,SF,19.0,0,21,WEIGHTED,2.0254358787224485E-5,1.6373704616592432E-10,5.731574108167124E-10,4.3520947640928E-19,12.500000000000005,1.28643216080402,12.500000000000005,1.28643216080402,0.0,246.69499999999994,246.69499999999994,18835.69042713569,0.0,0.0,2.4095979899,3
200,SF,19.0,0,22,WEIGHTED,1.5351597738298415E-5,1.164703569601227E-10,3.5155955829385104E-10,1.9249417132986814E-19,11.394999999999998,1.325603015075375,11.394999999999998,1.325603015075375,0.0,225.37500000000006,225.37500000000006,16288.215452261325,0.0,0.0,2.4095979899,3
200,SF,19.0,0,23,WEIGHTED,1.976266883718878E-5,1.672442933879767E-10,5.569711514894304E-10,4.343263111159615E-19,12.530000000000003,1.335778894472362,12.530000000000003,1.335778894472362,0.0,247.34,247.34,19097.723015075382,0.0,0.0,2.4095979899,3
200,SF,19.0,0,24,WEIGHTED,1.938639106037477E-5,1.3281331003786108E-10,5.079814018334506E-10,2.779004481757578E-19,12.350000000000001,1.1633165829145735,12.350000000000001,1.1633165829145735,0.0,243.91999999999987,243.91999999999987,18837.370452261297,0.0,0.0,2.4095979899,3
200,SF,19.0,0,25,WEIGHTED,1.5010209403183426E-5,1.0030953137172538E-10,3.2511437004228284E-10,1.4808562368995625E-19,11.51,1.0350753768844216,11.51,1.0350753768844216,0.0,227.17499999999995,227.17499999999995,16203.79334170854,0.0,0.0,2.4095979899,3
200,SF,19.0,0,26,WEIGHTED,1.9284949863223036E-5,1.4870324895517055E-10,5.19869023937421E-10,3.351007238092674E-19,12.540000000000004,1.214472361809045,12.540000000000004,1.214472361809045,0.0,247.1550000000001,247.1550000000001,18640.342688442222,0.0,0.0,2.4095979899,3
200,SF,19.0,0,27,WEIGHTED,1.3587940698848169E-5,8.648001132573407E-11,2.7067974370451966E-10,1.4617736044979016E-19,12.35,0.9623115577889452,12.35,0.9623115577889452,0.0,244.05000000000004,244.05000000000004,18734.71105527637,0.0,0.0,2.4095979899,3
200,SF,19.0,0,28,WEIGHTED,1.6052714218070544E-5,1.0160740474170765E-10,3.5878900148504263E-10,1.4878308097864925E-19,12.460000000000003,1.2848241206030158,12.460000000000003,1.2848241206030158,0.0,246.26999999999998,246.26999999999998,19269.04231155779,0.0,0.0,2.4095979899,3
200,SF,19.0,0,29,WEIGHTED,1.9071254422560186E-5,1.2860257475033396E-10,4.91672307126604E-10,2.625124063842344E-19,12.355000000000008,1.1949497487437182,12.355000000000008,1.1949497487437182,0.0,244.13500000000008,244.13500000000008,18989.202788944734,0.0,0.0,2.4095979899,3
200,SF,19.0,0,30,WEIGHTED,1.7354620093324446E-5,1.6657696076738932E-10,4.669269145471734E-10,5.158932663210925E-19,11.340000000000003,1.4114572864321622,11.340000000000003,1.4114572864321622,0.0,222.95500000000007,222.95500000000007,15018.25424623116,0.0,0.0,2.4095979899,3
200,SF,19.0,0,31,WEIGHTED,1.1718095624886905E-5,6.443195186326025E-11,2.0142355717793758E-10,1.1909521932713226E-19,11.604999999999999,0.9336432160804019,11.604999999999999,0.9336432160804019,0.0,228.77499999999995,228.77499999999995,16245.662688442215,0.0,0.0,2.4095979899,3
200,SF,19.0,0,32,WEIGHTED,1.8433006647806096E-5,1.154806476020092E-10,4.546789784420637E-10,2.1340680825851035E-19,12.340000000000005,1.0596984924623112,12.340000000000005,1.0596984924623112,0.0,243.71500000000015,243.71500000000015,18699.159572864322,0.0,0.0,2.4095979899,3
200,SF,19.0,0,33,WEIGHTED,1.880166553235086E-5,1.4392550948696283E-10,4.967085087299188E-10,3.3879229919086586E-19,12.535000000000004,1.3455025125628146,12.535000000000004,1.3455025125628146,0.0,247.44000000000003,247.44000000000003,19102.26773869347,0.0,0.0,2.4095979899,3
200,SF,19.0,0,34,WEIGHTED,2.021629763458821E-5,1.6078050708494465E-10,5.686752945997769E-10,4.166920365126324E-19,12.535000000000004,1.3455025125628128,12.535000000000004,1.3455025125628128,0.0,247.375,247.375,19085.76319095477,0.0,0.0,2.4095979899,3
200,SF,19.0,0,0,WEIGHTED,1.6940447233881883E-7,1.5359872503066057E-14,4.398094838894435E-14,3.829401554907601E-27,13.150000000000004,0.8015075376884427,13.150000000000004,0.8015075376884427,0.0,260.0500000000001,260.0500000000001,21217.464824120623,0.0,0.0,2.4095979899,6
200,SF,19.0,0,1,WEIGHTED,2.789516891460452E-7,4.585796983455897E-14,1.2344272486281788E-13,6.588123117291247E-26,13.380000000000003,0.8598994974874385,13.380000000000003,0.8598994974874385,0.0,265.31499999999994,265.31499999999994,22925.42288944725,0.0,0.0,2.4095979899,6
200,SF,19.0,0,2,WEIGHTED,7.280203479820279E-7,2.563966746753175E-13,7.85128318377814E-13,1.386413522536366E-24,14.465000000000005,1.2148492462311555,14.465000000000005,1.2148492462311555,0.0,285.72999999999996,285.72999999999996,25886.127738693456,0.0,0.0,2.4095979899,6
200,SF,19.0,0,3,WEIGHTED,9.33579714373356E-7,4.5423782756256595E-13,1.32353772151419E-12,5.277458265345546E-24,14.834999999999994,1.0329396984924626,14.834999999999994,1.0329396984924626,0.0,294.58,294.58,28544.56643216081,0.0,0.0,2.4095979899,6
200,SF,19.0,0,4,WEIGHTED,8.55259316676072E-7,5.692386044445099E-13,1.2978609101835076E-12,1.46257535095103E-23,14.264999999999999,1.4017839195979895,14.264999999999999,1.4017839195979895,0.0,281.91999999999996,281.91999999999996,24964.435778894458,0.0,0.0,2.4095979899,6
200,SF,19.0,0,5,WEIGHTED,1.1202447958846832E-6,7.607184319780253E-13,2.0118632425248517E-12,1.687092108084581E-23,15.175000000000002,1.1400753768844223,15.175000000000002,1.1400753768844223,0.0,301.06500000000005,301.06500000000005,29739.860075376873,0.0,0.0,2.4095979899,6
200,SF,19.0,0,6,WEIGHTED,5.647565641819784E-7,1.5007720872088636E-13,4.682767994639152E-13,3.305669114759707E-25,14.959999999999996,1.0134673366834175,14.959999999999996,1.0134673366834175,0.0,295.5300000000001,295.5300000000001,27397.154874371856,0.0,0.0,2.4095979899,6
200,SF,19.0,0,7,WEIGHTED,1.4759485128229562E-6,9.808343124301925E-13,3.1543541533723364E-12,1.820647695500325E-23,15.515000000000004,1.316356783919598,15.515000000000004,1.316356783919598,0.0,306.0699999999999,306.0699999999999,28417.562914572856,0.0,0.0,2.4095979899,6
200,SF,19.0,0,8,WEIGHTED,1.3924087308991864E-6,7.831467499740248E-13,2.7180330901084353E-12,1.1361671989066262E-23,15.345000000000004,1.1818844221105518,15.345000000000004,1.1818844221105518,0.0,303.7249999999998,303.7249999999998,29502.42148241205,0.0,0.0,2.4095979899,6
200,SF,19.0,0,9,WEIGHTED,7.375981880219926E-7,3.753658804530612E-13,9.175401380241223E-13,3.8229578286668125E-24,15.275,0.9742462311557785,15.275,0.9742462311557785,0.0,302.15500000000014,302.15500000000014,28759.478366834173,0.0,0.0,2.4095979899,6
200,SF,19.0,0,10,WEIGHTED,4.913428775088491E-7,1.5529036083471526E-13,3.9593173230921755E-13,4.467028067008502E-25,15.034999999999997,0.8580653266331659,15.034999999999997,0.8580653266331659,0.0,296.81,296.81,27297.250150753775,0.0,0.0,2.4095979899,6
200,SF,19.0,0,11,WEIGHTED,1.0083215043055197E-6,5.181374112122482E-13,1.5322589802011346E-12,6.447139708820676E-24,15.225,1.099874371859296,15.225,1.099874371859296,0.0,300.46499999999986,300.46499999999986,27726.38067839196,0.0,0.0,2.4095979899,6
200,SF,19.0,0,12,WEIGHTED,1.156397991930458E-6,8.267869865885469E-13,2.1599093673964E-12,1.2056131942520143E-23,15.36,1.146130653266332,15.36,1.146130653266332,0.0,302.69000000000005,302.69000000000005,27879.913467336693,0.0,0.0,2.4095979899,6
200,SF,19.0,0,13,WEIGHTED,1.1360429564633003E-6,7.452162650650137E-13,2.0320837826695667E-12,1.537192955105587E-23,15.395,1.1446984924623111,15.395,1.1446984924623111,0.0,304.875,304.875,29360.954145728632,0.0,0.0,2.4095979899,6
200,SF,19.0,0,14,WEIGHTED,8.607891789963462E-7,6.802996841515044E-13,1.4178561964079508E-12,1.814699401413463E-23,15.269999999999998,1.0322613065326633,15.269999999999998,1.0322613065326633,0.0,300.81499999999994,300.81499999999994,27294.674145728633,0.0,0.0,2.4095979899,6
200,SF,19.0,0,15,WEIGHTED,9.396936791417064E-7,4.796394292184971E-13,1.3602654426912803E-12,5.091610079671828E-24,15.184999999999999,0.9756532663316576,15.184999999999999,0.9756532663316576,0.0,300.40999999999974,300.40999999999974,28262.30341708541,0.0,0.0,2.4095979899,6
200,SF,19.0,0,16,WEIGHTED,6.563496995271035E-7,2.724680382712645E-13,7.01900626149227E-13,2.116758999434629E-24,14.365000000000004,1.1475125628140703,14.365000000000004,1.1475125628140703,0.0,284.92000000000013,284.92000000000013,26267.149346733666,0.0,0.0,2.4095979899,6
200,SF,19.0,0,17,WEIGHTED,6.413447270936513E-7,3.2135568209212513E-13,7.310719626524941E-13,3.3802974442157034E-24,15.415,0.9575628140703508,15.415,0.9575628140703508,0.0,305.58499999999987,305.58499999999987,29919.530427135694,0.0,0.0,2.4095979899,6
200,SF,19.0,0,18,WEIGHTED,5.606444566158554E-7,2.7957421691166894E-13,5.924985525611986E-13,3.878152270525069E-24,15.445,0.9215829145728646,15.445,0.9215829145728646,0.0,305.7349999999999,305.7349999999999,29651.200778894465,0.0,0.0,2.4095979899,6
200,SF,19.0,0,19,WEIGHTED,5.59445107718992E-7,1.802804333128867E-13,4.923578596970371E-13,5.719815793303477E-25,15.254999999999997,0.8743467336683423,15.254999999999997,0.8743467336683423,0.0,302.22999999999996,302.22999999999996,29368.931758793955,0.0,0.0,2.4095979899,6
200,SF,19.0,0,20,WEIGHTED,5.87232287949657E-7,3.390903369705725E-13,6.822366452963086E-13,7.003580512148678E-24,15.500000000000005,0.9447236180904527,15.500000000000005,0.9447236180904527,0.0,307.65000000000015,307.65000000000015,30492.288944723605,0.0,0.0,2.4095979899,6
200,SF,19.0,0,21,WEIGHTED,1.418566639196928E-6,1.0182655055251552E-12,3.0255054878399974E-12,2.311469052345593E-23,15.480000000000006,1.3563819095477403,15.480000000000006,1.3563819095477403,0.0,305.92,305.92,29246.094070351744,0.0,0.0,2.4095979899,6
200,SF,19.0,0,22,WEIGHTED,1.1374351532733581E-6,7.804249929943338E-13,2.07028159593135E-12,1.1037872889120503E-23,15.295000000000002,1.0331407035175877,15.295000000000002,1.0331407035175877,0.0,301.60000000000014,301.60000000000014,27493.145728643212,0.0,0.0,2.4095979899,6
200,SF,19.0,0,23,WEIGHTED,1.3192519846860756E-6,9.058357966153851E-13,2.6417324167304586E-12,1.4533218484527576E-23,15.27000000000001,1.2835175879396983,15.27000000000001,1.2835175879396983,0.0,301.19,301.19,27763.109447236195,0.0,0.0,2.4095979899,6
200,SF,19.0,0,24,WEIGHTED,1.0022615760096884E-6,5.787038513581978E-13,1.580338598846832E-12,4.78837325784563E-24,15.3,1.1256281407035178,15.3,1.1256281407035178,0.0,302.51,302.51,28826.19085427137,0.0,0.0,2.4095979899,6
200,SF,19.0,0,25,WEIGHTED,1.2082426318882353E-6,1.0496810957104516E-12,2.504282947744107E-12,3.250501341403214E-23,15.32,1.1935678391959792,15.32,1.1935678391959792,0.0,301.86999999999995,301.86999999999995,27953.118693467342,0.0,0.0,2.4095979899,6
200,SF,19.0,0,26,WEIGHTED,1.2345812435232703E-6,1.0219016306907466E-12,2.540982969396755E-12,2.421081057471063E-23,15.254999999999999,1.2964572864321606,15.254999999999999,1.2964572864321606,0.0,300.5400000000001,300.5400000000001,27174.460703517587,0.0,0.0,2.4095979899,6
200,SF,19.0,0,27,WEIGHTED,1.298384453440882E-6,9.547355425406701E-13,2.6357640537649445E-12,1.5787097719451006E-23,15.380000000000006,1.1915577889447229,15.380000000000006,1.1915577889447229,0.0,303.45500000000027,303.45500000000027,28118.711532663314,0.0,0.0,2.4095979899,6
200,SF,19.0,0,28,WEIGHTED,1.1589956538793354E-6,6.392716798282346E-13,1.979346247140282E-12,5.636217431277451E-24,15.305000000000001,1.1979648241206036,15.305000000000001,1.1979648241206036,0.0,301.4549999999998,301.4549999999998,27745.495452261315,0.0,0.0,2.4095979899,6
200,SF,19.0,0,29,WEIGHTED,9.8429661067434E-7,5.123135226796519E-13,1.4785917728512468E-12,4.642355450806458E-24,15.155000000000001,0.9256030150753771,15.155000000000001,0.9256030150753771,0.0,299.0450000000001,299.0450000000001,27509.6009798995,0.0,0.0,2.4095979899,6
200,SF,19.0,0,30,WEIGHTED,1.2737338379514852E-6,8.682436990009877E-13,2.486300370448603E-12,1.1956461999113997E-23,15.270000000000001,1.3840201005025126,15.270000000000001,1.3840201005025126,0.0,301.63500000000005,301.63500000000005,28648.725402010063,0.0,0.0,2.4095979899,6
200,SF,19.0,0,31,WEIGHTED,1.4816224195474133E-6,1.3009577111389602E-12,3.489657916688792E-12,7.549231358338635E-23,15.354999999999999,1.4864070351758798,15.354999999999999,1.4864070351758798,0.0,303.6949999999998,303.6949999999998,29050.906507537686,0.0,0.0,2.4095979899,6
200,SF,19.0,0,32,WEIGHTED,1.1858450077378845E-6,8.164617557856312E-13,2.2186078293835664E-12,1.827412298223289E-23,15.355000000000002,1.104497487437186,15.355000000000002,1.104497487437186,0.0,303.015,303.015,28147.502286432165,0.0,0.0,2.4095979899,6
200,SF,19.0,0,33,WEIGHTED,7.465666615763535E-7,3.1321407294559887E-13,8.690097827581323E-13,1.659153892128439E-24,15.160000000000002,0.9692462311557781,15.160000000000002,0.9692462311557781,0.0,299.90500000000014,299.90500000000014,28675.08138190955,0.0,0.0,2.4095979899,6
200,SF,19.0,0,34,WEIGHTED,1.2229077252756683E-6,6.970011588999129E-13,2.1890194576443234E-12,6.911109746182785E-24,15.34,1.1602010050251257,15.34,1.1602010050251257,0.0,302.4250000000002,302.4250000000002,27566.0144472362,0.0,0.0,2.4095979899,6
200,SF,19.0,0,0,WEIGHTED,6.37137312187175E-9,3.71946299704245E-17,7.760305227868218E-17,6.521558433522974E-32,16.15499999999999,0.8854020100502498,16.15499999999999,0.8854020100502498,0.0,320.05000000000007,320.05000000000007,32717.947236180906,0.0,0.0,2.4095979899,9
200,SF,19.0,0,1,WEIGHTED,3.0543864650289794E-8,5.189682233560494E-16,1.4493010500144927E-15,6.2781942726419576E-30,16.979999999999993,1.2257286432160788,16.979999999999993,1.2257286432160788,0.0,337.6800000000002,337.6800000000002,37413.243819095456,0.0,0.0,2.4095979899,9
200,SF,19.0,0,2,WEIGHTED,3.6693872452198144E-8,5.976849698968405E-16,1.9411368205855423E-15,9.309520599416835E-30,17.330000000000013,1.0865326633165837,17.330000000000013,1.0865326633165837,0.0,342.69000000000017,342.69000000000017,36409.34060301506,0.0,0.0,2.4095979899,9
200,SF,19.0,0,3,WEIGHTED,4.937086201417527E-8,1.9432468591858375E-15,4.371012640912644E-15,1.4094773176074259E-28,18.48999999999999,1.356683417085426,18.48999999999999,1.356683417085426,0.0,366.6749999999998,366.6749999999998,43203.627512562794,0.0,0.0,2.4095979899,9
200,SF,19.0,0,4,WEIGHTED,8.507271057001108E-8,6.328524018943934E-15,1.3534247482578096E-14,2.8503090354061063E-27,18.455000000000016,1.1939447236180898,18.455000000000016,1.1939447236180898,0.0,366.2249999999999,366.2249999999999,43542.20540201004,0.0,0.0,2.4095979899,9
200,SF,19.0,0,5,WEIGHTED,2.6201738021480743E-8,3.367720098232247E-16,1.0216192251204172E-15,2.928184856033484E-30,18.26499999999999,1.0198743718592966,18.26499999999999,1.0198743718592966,0.0,362.60999999999996,362.60999999999996,43003.907437185946,0.0,0.0,2.4095979899,9
200,SF,19.0,0,6,WEIGHTED,6.730822777800676E-8,2.3204873132523923E-15,6.839282403302176E-15,2.4265112340968458E-28,17.675000000000008,1.446608040201008,17.675000000000008,1.446608040201008,0.0,350.835,350.835,40247.384698492475,0.0,0.0,2.4095979899,9
200,SF,19.0,0,7,WEIGHTED,3.750184456474681E-8,1.0317291651062042E-15,2.4329588650391036E-15,2.6342359631560686E-29,17.534999999999997,1.0037939698492457,17.534999999999997,1.0037939698492457,0.0,348.18999999999994,348.18999999999994,39702.73758793969,0.0,0.0,2.4095979899,9
200,SF,19.0,0,8,WEIGHTED,1.190182373672632E-7,9.231678000553105E-15,2.3350860436560544E-14,2.6273728524122905E-27,18.564999999999998,1.3625879396984915,18.564999999999998,1.3625879396984915,0.0,367.7899999999999,367.7899999999999,43214.54864321607,0.0,0.0,2.4095979899,9
200,SF,19.0,0,9,WEIGHTED,7.257046390041211E-8,2.4327971541368798E-15,7.68710539908721E-15,1.3634980762461497E-28,18.474999999999998,1.3159547738693476,18.474999999999998,1.3159547738693476,0.0,366.4799999999999,366.4799999999999,43523.9895477387,0.0,0.0,2.4095979899,9
200,SF,19.0,0,10,WEIGHTED,9.808609375605572E-8,6.0692797024973474E-15,1.565981509230662E-14,1.3119744922061389E-27,18.539999999999992,1.365226130653267,18.539999999999992,1.365226130653267,0.0,367.34499999999997,367.34499999999997,43137.34268844219,0.0,0.0,2.4095979899,9
200,SF,19.0,0,11,WEIGHTED,7.973976087094493E-8,4.016923790610999E-15,1.0355268635413423E-14,6.017104583376362E-28,17.5,1.3668341708542704,17.5,1.3668341708542704,0.0,347.68499999999966,347.68499999999966,39767.272135678424,0.0,0.0,2.4095979899,9
200,SF,19.0,0,12,WEIGHTED,4.358503486123766E-8,2.2795911753489544E-15,4.167848483327509E-15,2.78962747193123E-28,17.24000000000001,1.379296482412063,17.24000000000001,1.379296482412063,0.0,342.24,342.24,37958.12301507538,0.0,0.0,2.4095979899,9
200,SF,19.0,0,13,WEIGHTED,1.7000322596882876E-8,2.9017201305147113E-16,5.777321213843011E-16,5.049157720249146E-30,17.524999999999995,0.7832914572864316,17.524999999999995,0.7832914572864316,0.0,347.20999999999987,347.20999999999987,38586.44814070352,0.0,0.0,2.4095979899,9
200,SF,19.0,0,14,WEIGHTED,2.112144606880585E-8,2.663418296363499E-16,7.111256045256418E-16,1.0747532023342756E-30,17.004999999999995,0.9095226130653261,17.004999999999995,0.9095226130653261,0.0,336.3749999999999,336.3749999999999,35437.15012562812,0.0,0.0,2.4095979899,9
200,SF,19.0,0,15,WEIGHTED,3.5658886634037895E-8,7.820023265720695E-16,2.0496485109183772E-15,1.155818201479816E-29,17.56,0.9913567839195966,17.56,0.9913567839195966,0.0,348.8499999999997,348.8499999999997,39710.19849246232,0.0,0.0,2.4095979899,9
200,SF,19.0,0,16,WEIGHTED,2.5876766510668496E-8,3.8115520085812505E-16,1.0488564699014901E-15,4.471650065114207E-30,17.104999999999993,1.0894221105527604,17.104999999999993,1.0894221105527604,0.0,339.215,339.215,37118.672135678375,0.0,0.0,2.4095979899,9
200,SF,19.0,0,17,WEIGHTED,1.1898905123541861E-7,8.555065177733732E-15,2.267068416575014E-14,2.4850434596600103E-27,18.544999999999995,1.3647989949748744,18.544999999999995,1.3647989949748744,0.0,367.5250000000001,367.5250000000001,43245.36620603015,0.0,0.0,2.4095979899,9
200,SF,19.0,0,18,WEIGHTED,1.2010056627542733E-7,8.412268087730964E-15,2.2794352766970607E-14,2.2631381105822065E-27,18.550000000000004,1.3743718592964826,18.550000000000004,1.3743718592964826,0.0,367.615,367.615,43242.368618090455,0.0,0.0,2.4095979899,9
200,SF,19.0,0,19,WEIGHTED,5.7813148831020746E-8,1.9353943680733185E-15,5.268077573990706E-15,1.1401408064522793E-28,18.589999999999996,1.3888442211055285,18.589999999999996,1.3888442211055285,0.0,368.46,368.46,43466.64160804022,0.0,0.0,2.4095979899,9
200,SF,19.0,0,20,WEIGHTED,2.5580299692351543E-8,5.752270736457219E-16,1.2267026706280133E-15,1.025501398895713E-29,18.174999999999997,0.929020100502513,18.174999999999997,0.929020100502513,0.0,360.035,360.035,41287.15957286433,0.0,0.0,2.4095979899,9
200,SF,19.0,0,21,WEIGHTED,4.1796097266510996E-8,1.131504469249191E-15,2.872760693614594E-15,1.9069420121214766E-29,17.305,1.2080150753768852,17.305,1.2080150753768852,0.0,343.17,343.17,37585.51869346733,0.0,0.0,2.4095979899,9
200,SF,19.0,0,22,WEIGHTED,3.7189889214306335E-8,7.390676574741753E-16,2.1184601789591837E-15,7.260067568502875E-30,17.97500000000001,0.9993718592964814,17.97500000000001,0.9993718592964814,0.0,356.8300000000001,356.8300000000001,41216.242311557806,0.0,0.0,2.4095979899,9
200,SF,19.0,0,23,WEIGHTED,1.1664997659144303E-7,8.798948682245651E-15,2.236217097761865E-14,2.6063253351394655E-27,18.544999999999995,1.3647989949748744,18.544999999999995,1.3647989949748744,0.0,367.5250000000001,367.5250000000001,43245.36620603015,0.0,0.0,2.4095979899,9
200,SF,19.0,0,24,WEIGHTED,9.893258927695655E-8,4.037037436998484E-15,1.3804509470856481E-14,2.7686331070811596E-28,18.355000000000008,1.084396984924622,18.355000000000008,1.084396984924622,0.0,364.0849999999999,364.0849999999999,43056.67113065324,0.0,0.0,2.4095979899,9
200,SF,19.0,0,25,WEIGHTED,3.289278332485602E-8,1.0194632944862608E-15,2.0963011728697552E-15,5.979244124484513E-29,18.569999999999993,1.4222110552763816,18.569999999999993,1.4222110552763816,0.0,368.06499999999994,368.06499999999994,43359.83997487437,0.0,0.0,2.4095979899,9
200,SF,19.0,0,26,WEIGHTED,3.203186438094361E-8,7.155030217307919E-16,1.737965842341303E-15,1.8588421159115827E-29,18.425000000000008,0.9792713567839161,18.425000000000008,0.9792713567839161,0.0,366.0100000000001,366.0100000000001,43768.060201005,0.0,0.0,2.4095979899,9
200,SF,19.0,0,27,WEIGHTED,4.202420284871168E-8,1.3868739706131345E-15,3.145973225829736E-15,5.483773489596406E-29,17.854999999999993,1.049221105527637,17.854999999999993,1.049221105527637,0.0,353.1799999999998,353.1799999999998,39050.91216080402,0.0,0.0,2.4095979899,9
200,SF,19.0,0,28,WEIGHTED,3.1984942026608276E-8,4.944487296846683E-16,1.5150130024817375E-15,4.347708264278211E-30,17.664999999999996,1.0078140703517589,17.664999999999996,1.0078140703517589,0.0,350.165,350.165,39240.46007537691,0.0,0.0,2.4095979899,9
200,SF,19.0,0,29,WEIGHTED,8.455276433616545E-8,3.2133299044419828E-15,1.03464332118069E-14,2.3905789184750643E-28,18.459999999999994,1.3250251256281416,18.459999999999994,1.3250251256281416,0.0,366.1500000000001,366.1500000000001,43475.1231155779,0.0,0.0,2.4095979899,9
200,SF,19.0,0,30,WEIGHTED,4.595004987451023E-8,1.581778332551195E-15,3.685276524358418E-15,1.1281564670537197E-28,17.150000000000006,1.3341708542713577,17.150000000000006,1.3341708542713577,0.0,340.0799999999999,340.0799999999999,37034.1744723618,0.0,0.0,2.4095979899,9
200,SF,19.0,0,31,WEIGHTED,1.0752368549249439E-7,6.046541823232614E-15,1.7577652056005293E-14,7.630254970562024E-28,18.374999999999996,1.1903266331658289,18.374999999999996,1.1903266331658289,0.0,364.38999999999993,364.38999999999993,43002.309447236184,0.0,0.0,2.4095979899,9
200,SF,19.0,0,32,WEIGHTED,3.2187836548902547E-8,1.2867581461908774E-15,2.3163811771587902E-15,1.4355131631831942E-28,18.57000000000001,1.3719597989949741,18.57000000000001,1.3719597989949741,0.0,367.67499999999995,367.67499999999995,42671.03454773867,0.0,0.0,2.4095979899,9
200,SF,19.0,0,33,WEIGHTED,2.493772881917434E-8,3.9863725738776063E-16,1.0185343897595E-15,4.554818331538672E-30,18.140000000000004,0.945125628140703,18.140000000000004,0.945125628140703,0.0,359.40999999999997,359.40999999999997,41261.63005025124,0.0,0.0,2.4095979899,9
200,SF,19.0,0,34,WEIGHTED,3.377596101417079E-8,5.568723482056177E-16,1.6949035288953762E-15,4.763202077947531E-30,17.090000000000003,1.2280402010050253,17.090000000000003,1.2280402010050253,0.0,337.875,337.875,35635.165201005024,0.0,0.0,2.4095979899,9
200,SF,19.0,0,0,WEIGHTED,1.448750697186086E-10,3.825538808655945E-20,5.905289697209837E-20,1.560798278922509E-37,19.159999999999993,0.8486432160804016,19.159999999999993,0.8486432160804016,0.0,380.2599999999999,380.2599999999999,46762.655678391915,0.0,0.0,2.4095979899,12
200,SF,19.0,0,1,WEIGHTED,8.115657001983579E-10,3.69108865480032E-19,1.0259022068910826E-18,3.750302958366392E-36,19.880000000000003,1.211658291457286,19.880000000000003,1.211658291457286,0.0,394.92500000000007,394.92500000000007,51036.733040201,0.0,0.0,2.4095979899,12
200,SF,19.0,0,2,WEIGHTED,2.5352564470004784E-9,3.816587103313679E-18,1.0225029419854596E-17,1.8192773375878255E-34,21.355000000000015,0.7828894472361807,21.355000000000015,0.7828894472361807,0.0,424.2499999999999,424.2499999999999,58691.89698492462,0.0,0.0,2.4095979899,12
200,SF,19.0,0,3,WEIGHTED,6.627849238882708E-9,2.9271953176089694E-17,7.305397894356738E-17,2.4083866891812568E-32,21.59000000000001,1.2380904522613059,21.59000000000001,1.2380904522613059,0.0,427.97,427.97,58363.858391959744,0.0,0.0,2.4095979899,12
200,SF,19.0,0,4,WEIGHTED,6.1395512485074E-9,4.303903464388082E-17,8.051792900371016E-17,1.1795633806572272E-31,21.575000000000003,1.310929648241205,21.575000000000003,1.310929648241205,0.0,428.4749999999999,428.4749999999999,59691.62751256278,0.0,0.0,2.4095979899,12
200,SF,19.0,0,5,WEIGHTED,8.773500685954615E-9,5.135767787056163E-17,1.2807520376765486E-16,1.3286261627754445E-31,21.56999999999998,1.2513567839195996,21.56999999999998,1.2513567839195996,0.0,428.32000000000005,428.32000000000005,59568.198592964814,0.0,0.0,2.4095979899,12
200,SF,19.0,0,6,WEIGHTED,7.182277106387857E-10,3.212625454013428E-19,8.355072770037672E-19,1.501990180626454E-36,20.26,0.8667336683417087,20.26,0.8667336683417087,0.0,402.0949999999999,402.0949999999999,52530.498467336685,0.0,0.0,2.4095979899,12
200,SF,19.0,0,7,WEIGHTED,2.8005450775081538E-9,1.6312990370111752E-17,2.407447814941635E-17,1.8408863294676765E-32,21.395000000000003,1.385904522613066,21.395000000000003,1.385904522613066,0.0,425.45500000000015,425.45500000000015,59681.16379396983,0.0,0.0,2.4095979899,12
200,SF,19.0,0,8,WEIGHTED,7.641278731984617E-9,3.2488712451920046E-17,9.07154095495408E-17,3.3485496979929045E-32,21.540000000000003,1.2144723618090465,21.540000000000003,1.2144723618090465,0.0,427.4349999999999,427.4349999999999,58916.72942211056,0.0,0.0,2.4095979899,12
200,SF,19.0,0,9,WEIGHTED,1.1882304323806982E-9,1.14742563131287E-18,2.5535800635919286E-18,6.813076499729856E-35,20.43500000000001,0.9806783919598009,20.43500000000001,0.9806783919598009,0.0,405.56500000000005,405.56500000000005,53908.32741206031,0.0,0.0,2.4095979899,12
200,SF,19.0,0,10,WEIGHTED,5.96738720215484E-9,3.057565698390303E-17,6.603248871942485E-17,5.845565959552648E-32,20.745000000000015,1.2562562814070333,20.745000000000015,1.2562562814070333,0.0,412.25499999999994,412.25499999999994,56409.30650753766,0.0,0.0,2.4095979899,12
200,SF,19.0,0,11,WEIGHTED,5.697396122661402E-9,2.7313558447237644E-17,5.963731323351866E-17,3.500563668148503E-32,21.550000000000004,1.2638190954773876,21.550000000000004,1.2638190954773876,0.0,428.0550000000001,428.0550000000001,59891.32861809044,0.0,0.0,2.4095979899,12
200,SF,19.0,0,12,WEIGHTED,7.745481993004511E-9,3.534689782195357E-17,9.51626546368009E-17,3.32113161615559E-32,21.215,1.2047989949748747,21.215,1.2047989949748747,0.0,420.11500000000007,420.11500000000007,55520.8058040201,0.0,0.0,2.4095979899,12
200,SF,19.0,0,13,WEIGHTED,1.7371172944535832E-9,1.2739077269408971E-18,4.285114682995926E-18,2.877686659037735E-35,21.5,1.2562814070351742,21.5,1.2562814070351742,0.0,426.89500000000004,426.89500000000004,59348.62711055274,0.0,0.0,2.4095979899,12
200,SF,19.0,0,14,WEIGHTED,2.099609989203442E-9,2.9690763924955875E-18,7.362593117295995E-18,2.4328475414311834E-34,21.325000000000003,0.9541457286432151,21.325000000000003,0.9541457286432151,0.0,422.61499999999984,422.61499999999984,57145.655050251204,0.0,0.0,2.4095979899,12
200,SF,19.0,0,15,WEIGHTED,7.761247401427704E-9,3.4730702519558804E-17,9.479401023312917E-17,2.6711694843745234E-32,21.39000000000001,1.4451256281407032,21.39000000000001,1.4451256281407032,0.0,423.55000000000007,423.55000000000007,56989.716080402,0.0,0.0,2.4095979899,12
200,SF,19.0,0,16,WEIGHTED,4.229191351012848E-9,1.4156751711201323E-17,3.197202743612721E-17,7.347091874655993E-33,21.579999999999988,1.2900502512562824,21.579999999999988,1.2900502512562824,0.0,428.1950000000001,428.1950000000001,59087.02208542712,0.0,0.0,2.4095979899,12
200,SF,19.0,0,17,WEIGHTED,7.608494723143617E-10,4.365998899366595E-19,1.0133088100080189E-18,3.972312926622884E-36,21.11,0.7114572864321608,21.11,0.7114572864321608,0.0,418.9950000000002,418.9950000000002,57260.48741206029,0.0,0.0,2.4095979899,12
200,SF,19.0,0,18,WEIGHTED,8.686714421668463E-9,4.5530598410030033E-17,1.2076195286160268E-16,7.76812459095326E-32,21.544999999999995,1.3647989949748744,21.544999999999995,1.3647989949748744,0.0,427.525,427.525,59065.34610552762,0.0,0.0,2.4095979899,12
200,SF,19.0,0,19,WEIGHTED,9.284734819869909E-9,6.940964963900365E-17,1.5526890206611332E-16,1.993503588337671E-31,21.544999999999995,1.3647989949748744,21.544999999999995,1.3647989949748744,0.0,427.525,427.525,59065.34610552762,0.0,0.0,2.4095979899,12
200,SF,19.0,0,20,WEIGHTED,9.709426997961395E-9,1.1653383564700352E-16,2.1022413909751037E-16,9.720691985274476E-31,21.530000000000012,1.4262311557788927,21.530000000000012,1.4262311557788927,0.0,427.9150000000001,427.9150000000001,60275.86711055276,0.0,0.0,2.4095979899,12
200,SF,19.0,0,21,WEIGHTED,6.749001582040389E-9,3.722739603485767E-17,8.259028140906712E-17,5.444371020974886E-32,21.549999999999994,1.3743718592964822,21.549999999999994,1.3743718592964822,0.0,427.585,427.585,59046.34449748744,0.0,0.0,2.4095979899,12
200,SF,19.0,0,22,WEIGHTED,1.8465662021682761E-9,1.864002567594244E-18,5.264489293746443E-18,1.2562177633029798E-34,21.580000000000005,1.380502512562813,21.580000000000005,1.380502512562813,0.0,428.2300000000001,428.2300000000001,59313.08251256281,0.0,0.0,2.4095979899,12
200,SF,19.0,0,23,WEIGHTED,1.4170405404634325E-9,1.2418133417799052E-18,3.2436081683879017E-18,2.7998457796435674E-35,20.630000000000017,1.209145728643217,20.630000000000017,1.209145728643217,0.0,408.86000000000007,408.86000000000007,53521.64864321609,0.0,0.0,2.4095979899,12
200,SF,19.0,0,24,WEIGHTED,2.294328791396792E-9,4.878455389790809E-18,1.0118007715874132E-17,1.3962648394659786E-33,20.990000000000006,1.1958793969849248,20.990000000000006,1.1958793969849248,0.0,417.1399999999999,417.1399999999999,57239.990351758825,0.0,0.0,2.4095979899,12
200,SF,19.0,0,25,WEIGHTED,7.902794244563087E-9,5.073289066145916E-17,1.1293338308005125E-16,1.0651220236838289E-31,21.585,1.359572864321607,21.585,1.359572864321607,0.0,428.6500000000002,428.6500000000002,59933.324120602985,0.0,0.0,2.4095979899,12
200,SF,19.0,0,26,WEIGHTED,9.586918845450045E-9,7.050165528197073E-17,1.620581599548061E-16,1.670696755844233E-31,21.475,1.3963567839195983,21.475,1.3963567839195983,0.0,425.9999999999999,425.9999999999999,58205.6984924623,0.0,0.0,2.4095979899,12
200,SF,19.0,0,27,WEIGHTED,2.710876998990306E-9,6.0231125075891485E-18,1.3341851048705905E-17,1.3679104119039568E-33,21.525,1.2858040201005017,21.525,1.2858040201005017,0.0,427.1049999999998,427.1049999999998,58847.34067839194,0.0,0.0,2.4095979899,12
200,SF,19.0,0,28,WEIGHTED,7.158549331087727E-10,7.298040679365919E-19,1.2386033328530758E-18,3.4299664960507943E-35,21.405,0.8954522613065331,21.405,0.8954522613065331,0.0,424.8750000000001,424.8750000000001,58457.54711055273,0.0,0.0,2.4095979899,12
200,SF,19.0,0,29,WEIGHTED,1.7704816696051388E-9,1.9229552437554202E-18,5.047945809944447E-18,7.121606843114852E-35,19.955,1.2592713567839202,19.955,1.2592713567839202,0.0,395.485,395.485,50489.859070351784,0.0,0.0,2.4095979899,12
200,SF,19.0,0,30,WEIGHTED,2.917683799563698E-9,4.2522237352043605E-18,1.2743841370764795E-17,3.987960754285086E-34,21.509999999999994,1.3365829145728627,21.509999999999994,1.3365829145728627,0.0,426.995,426.995,58954.19595477384,0.0,0.0,2.4095979899,12
200,SF,19.0,0,31,WEIGHTED,2.4980223745085794E-9,9.559356519213232E-18,1.5751675520162642E-17,6.222946925487236E-33,21.405,1.0763567839195962,21.405,1.0763567839195962,0.0,424.85499999999996,424.85499999999996,58569.34067839197,0.0,0.0,2.4095979899,12
200,SF,19.0,0,32,WEIGHTED,6.068263545544459E-9,3.0347734180519056E-17,6.701981796780031E-17,5.60510851021486E-32,20.905000000000005,1.4532412060301507,20.905000000000005,1.4532412060301507,0.0,414.23500000000007,414.23500000000007,54651.15555276382,0.0,0.0,2.4095979899,12
200,SF,19.0,0,33,WEIGHTED,4.2724486609690966E-9,1.7457186744755825E-17,3.5623718371648686E-17,1.602422389958078E-32,21.550000000000004,1.3542713567839202,21.550000000000004,1.3542713567839202,0.0,427.5799999999999,427.5799999999999,59043.00864321604,0.0,0.0,2.4095979899,12
200,SF,19.0,0,34,WEIGHTED,4.538212731164395E-9,1.0752759298559395E-17,3.1294370295369196E-17,1.8475607679448848E-33,21.315000000000005,1.1515326633165799,21.315000000000005,1.1515326633165799,0.0,422.3999999999999,422.3999999999999,56776.55276381914,0.0,0.0,2.4095979899,12
200,SF,19.0,0,0,WEIGHTED,5.040751149820723E-12,1.886844525671533E-23,4.4183275184850685E-23,1.1183007643134373E-44,21.994999999999997,0.829120603015074,21.994999999999997,0.829120603015074,0.0,435.9899999999998,435.9899999999998,60374.422010050264,0.0,0.0,2.4095979899,15
200,SF,19.0,0,1,WEIGHTED,5.468079372628053E-10,1.740596537949232E-19,4.721882757795526E-19,6.8040814644470045E-37,24.40000000000001,1.3366834170854258,24.40000000000001,1.3366834170854258,0.0,484.6800000000001,484.6800000000001,76785.80663316583,0.0,0.0,2.4095979899,15
200,SF,19.0,0,2,WEIGHTED,7.307733085326618E-11,3.82620230752698E-21,9.147367580627068E-21,6.451999765362951E-40,23.300000000000004,1.3567839195979952,23.300000000000004,1.3567839195979952,0.0,462.87499999999994,462.87499999999994,69365.48680904527,0.0,0.0,2.4095979899,15
200,SF,19.0,0,3,WEIGHTED,5.657326990204934E-10,2.297228339379846E-19,5.486277065093075E-19,2.1107454022822085E-36,24.430000000000007,1.281507537688442,24.430000000000007,1.281507537688442,0.0,484.6049999999999,484.6049999999999,75066.57183417084,0.0,0.0,2.4095979899,15
200,SF,19.0,0,4,WEIGHTED,4.832723915493274E-10,2.032669743390671E-19,4.358028439011781E-19,1.9113080517302056E-36,24.545,1.2039949748743703,24.545,1.2039949748743703,0.0,487.8000000000002,487.8000000000002,77950.36180904522,0.0,0.0,2.4095979899,15
200,SF,19.0,0,5,WEIGHTED,3.007064625082377E-10,5.897415350712408E-20,1.4910365933380672E-19,1.0041733546545407E-37,23.98000000000001,1.3463316582914577,23.98000000000001,1.3463316582914577,0.0,475.4300000000001,475.4300000000001,72665.72371859291,0.0,0.0,2.4095979899,15
200,SF,19.0,0,6,WEIGHTED,1.9962880792867565E-10,3.9947516913990744E-20,7.959944028444491E-20,5.323858126961013E-38,24.554999999999996,1.4140452261306535,24.554999999999996,1.4140452261306535,0.0,487.7100000000001,487.7100000000001,77370.63909547735,0.0,0.0,2.4095979899,15
200,SF,19.0,0,7,WEIGHTED,6.336194591227696E-10,3.3277314011023736E-19,7.325828933887176E-19,4.73685368038184E-36,24.534999999999997,1.2751507537688445,24.534999999999997,1.2751507537688445,0.0,487.38999999999993,487.38999999999993,77415.68633165826,0.0,0.0,2.4095979899,15
200,SF,19.0,0,8,WEIGHTED,2.7232581856218005E-10,5.107982032100363E-20,1.2498577267496011E-19,4.588794266914796E-38,23.90000000000001,1.4572864321608066,23.90000000000001,1.4572864321608066,0.0,474.7549999999998,474.7549999999998,74115.9949497487,0.0,0.0,2.4095979899,15
200,SF,19.0,0,9,WEIGHTED,2.1241006953331974E-10,6.20445682396537E-20,1.0685238303760517E-19,1.0270088349538677E-37,24.01,1.3667336683417093,24.01,1.3667336683417093,0.0,477.5899999999999,477.5899999999999,75646.42402010053,0.0,0.0,2.4095979899,15
200,SF,19.0,0,10,WEIGHTED,1.7613170644192877E-10,3.4992706867778846E-20,6.584012134758571E-20,4.1038286600841305E-38,24.445,1.1527386934673358,24.445,1.1527386934673358,0.0,485.80500000000006,485.80500000000006,77142.35876884423,0.0,0.0,2.4095979899,15
200,SF,19.0,0,11,WEIGHTED,7.210281305347621E-10,4.2961208120746187E-19,9.473455858238788E-19,1.0527053776566561E-35,24.550000000000004,1.3140703517587937,24.550000000000004,1.3140703517587937,0.0,487.68500000000006,487.68500000000006,77401.53344221103,0.0,0.0,2.4095979899,15
200,SF,19.0,0,12,WEIGHTED,1.3321933778343E-10,1.9142811659251437E-20,3.6794489560410805E-20,1.383947484783781E-38,23.539999999999996,1.214472361809046,23.539999999999996,1.214472361809046,0.0,468.0850000000001,468.0850000000001,71992.67113065327,0.0,0.0,2.4095979899,15
200,SF,19.0,0,13,WEIGHTED,6.991007250878308E-10,8.994951719868333E-19,1.3837395199452302E-18,8.694148508303151E-35,24.53999999999999,1.4255276381909545,24.53999999999999,1.4255276381909545,0.0,487.3599999999999,487.3599999999999,77247.05567839192,0.0,0.0,2.4095979899,15
200,SF,19.0,0,14,WEIGHTED,1.380157405028726E-10,1.242216523216753E-20,3.140839903256295E-20,3.121670845304513E-39,23.585000000000008,1.2088190954773883,23.585000000000008,1.2088190954773883,0.0,467.5749999999999,467.5749999999999,70085.73304020095,0.0,0.0,2.4095979899,15
200,SF,19.0,0,15,WEIGHTED,4.3783864700497343E-10,1.3686459141632834E-19,3.278829492703923E-19,7.74104308650835E-37,24.464999999999993,1.3455025125628146,24.464999999999993,1.3455025125628146,0.0,486.605,486.605,78185.37585427133,0.0,0.0,2.4095979899,15
200,SF,19.0,0,16,WEIGHTED,2.559251394140814E-10,5.771224460351493E-20,1.229213603646144E-19,1.2502146477858897E-37,23.334999999999997,1.178668341708541,23.334999999999997,1.178668341708541,0.0,463.365,463.365,70173.21786432163,0.0,0.0,2.4095979899,15
200,SF,19.0,0,17,WEIGHTED,3.431742173765074E-10,1.2671248608432832E-19,2.438474671258849E-19,1.7876363952927698E-36,24.040000000000006,1.1843216080402033,24.040000000000006,1.1843216080402033,0.0,478.0350000000001,478.0350000000001,75348.18469849246,0.0,0.0,2.4095979899,15
200,SF,19.0,0,18,WEIGHTED,3.62876943493795E-10,1.3527568665738811E-19,2.6627898434350013E-19,8.217454818590038E-37,24.554999999999996,1.3738442211055266,24.554999999999996,1.3738442211055266,0.0,487.78499999999997,487.78499999999997,77639.05404522608,0.0,0.0,2.4095979899,15
200,SF,19.0,0,19,WEIGHTED,6.331667856684932E-11,3.578656283288958E-21,7.569764786610224E-21,3.5943000664879427E-40,24.055,0.9467085427135661,24.055,0.9467085427135661,0.0,478.7549999999998,478.7549999999998,76078.82912060306,0.0,0.0,2.4095979899,15
200,SF,19.0,0,20,WEIGHTED,1.445280184420028E-10,1.9772751667935638E-20,4.056223602436788E-20,1.9148198271236538E-38,23.255,1.1859045226130664,23.255,1.1859045226130664,0.0,462.33500000000043,462.33500000000043,69630.54550251257,0.0,0.0,2.4095979899,15
200,SF,19.0,0,21,WEIGHTED,5.415622117421746E-10,7.785830524698237E-19,1.0679797663945513E-18,6.592706382241458E-35,24.495,1.4472110552763808,24.495,1.4472110552763808,0.0,486.56000000000006,486.56000000000006,76971.08180904521,0.0,0.0,2.4095979899,15
200,SF,19.0,0,22,WEIGHTED,1.1529545429489473E-10,1.8762303415229956E-20,3.1961533679219993E-20,1.3821942630109006E-38,24.545,1.5356532663316595,24.545,1.5356532663316595,0.0,487.4899999999999,487.4899999999999,77364.69336683412,0.0,0.0,2.4095979899,15
200,SF,19.0,0,23,WEIGHTED,1.3719943570134074E-10,1.231780174946829E-20,3.107989789748724E-20,2.783346576670415E-39,23.7,1.2964824120602996,23.7,1.2964824120602996,0.0,472.00499999999994,472.00499999999994,74548.49746231158,0.0,0.0,2.4095979899,15
200,SF,19.0,0,24,WEIGHTED,5.408635972425914E-10,1.2910971538031786E-19,4.2099759762561227E-19,3.3963739544725234E-37,24.505,1.2562562814070348,24.505,1.2562562814070348,0.0,486.73000000000013,486.73000000000013,77023.14281407032,0.0,0.0,2.4095979899,15
200,SF,19.0,0,25,WEIGHTED,7.775416621669248E-10,8.669674309934878E-19,1.467203630243824E-18,6.577045099843886E-35,24.530000000000005,1.4262311557788936,24.530000000000005,1.4262311557788936,0.0,487.42000000000013,487.42000000000013,77747.77246231154,0.0,0.0,2.4095979899,15
200,SF,19.0,0,26,WEIGHTED,3.2442029285206804E-10,1.1434800098674393E-19,2.190247873960316E-19,3.70203318316471E-37,24.135000000000012,1.1123366834170865,24.135000000000012,1.1123366834170865,0.0,478.9399999999998,478.9399999999998,74267.56422110551,0.0,0.0,2.4095979899,15
200,SF,19.0,0,27,WEIGHTED,1.4972071415986215E-10,3.4568825871477565E-20,5.681227399065936E-20,8.166557602349315E-38,24.539999999999996,1.4456281407035176,24.539999999999996,1.4456281407035176,0.0,487.1899999999997,487.1899999999997,77033.81296482412,0.0,0.0,2.4095979899,15
200,SF,19.0,0,28,WEIGHTED,3.2656554904697546E-10,1.2970282644716653E-19,2.3569937013928316E-19,1.1469927215886674E-36,24.484999999999992,1.2460050251256292,24.484999999999992,1.2460050251256292,0.0,486.07500000000016,486.07500000000016,76514.60238693465,0.0,0.0,2.4095979899,15
200,SF,19.0,0,29,WEIGHTED,7.004542834643249E-11,7.318030310661987E-21,1.2187802191343877E-20,1.8636617910774148E-39,24.47999999999999,1.2257286432160814,24.47999999999999,1.2257286432160814,0.0,486.7200000000002,486.7200000000002,77811.52924623116,0.0,0.0,2.4095979899,15
200,SF,19.0,0,30,WEIGHTED,3.3034575130930215E-10,8.764339435940213E-20,1.9633349279571234E-19,2.0271628307501717E-37,24.38,1.2217085427135674,24.38,1.2217085427135674,0.0,484.54,484.54,77176.90291457281,0.0,0.0,2.4095979899,15
200,SF,19.0,0,31,WEIGHTED,5.793549417987261E-11,2.0683768072192037E-21,5.414556409049168E-21,1.005558965311454E-40,23.59499999999999,1.0462060301507528,23.59499999999999,1.0462060301507528,0.0,468.1049999999999,468.1049999999999,70412.71756281405,0.0,0.0,2.4095979899,15
200,SF,19.0,0,32,WEIGHTED,4.646074114322831E-10,2.200974317178375E-19,4.34856991317055E-19,2.5846992057101394E-36,24.544999999999995,1.3647989949748744,24.544999999999995,1.3647989949748744,0.0,487.525,487.525,77372.94409547735,0.0,0.0,2.4095979899,15
200,SF,19.0,0,33,WEIGHTED,8.457187838928351E-11,7.153279528993764E-21,1.4269915745640546E-20,2.3332252889413683E-39,23.425,1.0998743718592967,23.425,1.0998743718592967,0.0,464.58000000000004,464.58000000000004,69737.56140703516,0.0,0.0,2.4095979899,15
200,SF,19.0,0,34,WEIGHTED,4.196806629996886E-10,8.889729553844354E-20,2.645846679566093E-19,1.6649180553663794E-37,24.470000000000006,1.315678391959796,24.470000000000006,1.315678391959796,0.0,486.42499999999984,486.42499999999984,77772.68781407035,0.0,0.0,2.4095979899,15
200,SF,19.0,0,0,WEIGHTED,1.869754351346842E-13,3.8177113902314615E-26,7.294604167660758E-26,8.447397747165356E-50,25.24499999999999,0.9597738693467328,25.24499999999999,0.9597738693467328,0.0,501.37999999999994,501.37999999999994,81569.8448241206,0.0,0.0,2.4095979899,18
200,SF,19.0,0,1,WEIGHTED,7.608721985796763E-12,5.511554072976712E-23,1.127326132832653E-22,1.680603255867695E-43,26.48999999999998,1.2561809045226138,26.48999999999998,1.2561809045226138,0.0,525.4599999999998,525.4599999999998,88926.54110552768,0.0,0.0,2.4095979899,18
200,SF,19.0,0,2,WEIGHTED,2.468442894532074E-11,8.99529748703445E-22,1.5043531323165168E-21,4.084903180901883E-41,27.545,1.224095477386935,27.545,1.224095477386935,0.0,548.3000000000005,548.3000000000005,99840.04020100499,0.0,0.0,2.4095979899,18
200,SF,19.0,0,3,WEIGHTED,3.649774205083388E-11,1.2854424290231621E-21,2.6111003916872578E-21,7.276367443914974E-41,27.514999999999986,1.336457286432161,27.514999999999986,1.336457286432161,0.0,547.0200000000002,547.0200000000002,97822.16040201014,0.0,0.0,2.4095979899,18
200,SF,19.0,0,4,WEIGHTED,4.664258868025685E-11,1.9139414468353896E-21,4.079902818396836E-21,1.496971759162921E-40,27.49,1.3868341708542726,27.49,1.3868341708542726,0.0,546.6899999999998,546.6899999999998,98519.611959799,0.0,0.0,2.4095979899,18
200,SF,19.0,0,5,WEIGHTED,3.403384574163227E-11,1.6155393638026455E-21,2.7657643229488555E-21,2.3008823363005524E-40,27.39499999999999,1.0843969849246229,27.39499999999999,1.0843969849246229,0.0,545.1450000000001,545.1450000000001,98222.15474874375,0.0,0.0,2.4095979899,18
200,SF,19.0,0,6,WEIGHTED,5.815616321847016E-12,1.0653059585664845E-22,1.3981933608029857E-22,1.586108602789393E-42,27.599999999999998,1.2964824120602998,27.599999999999998,1.2964824120602998,0.0,548.6650000000004,548.6650000000004,98321.85203517589,0.0,0.0,2.4095979899,18
200,SF,19.0,0,7,WEIGHTED,6.005562158684085E-12,2.27990906313527E-23,5.875187202001418E-23,1.3689310817734131E-44,26.539999999999992,1.4054271356783874,26.539999999999992,1.4054271356783874,0.0,527.185,527.185,90348.9053015075,0.0,0.0,2.4095979899,18
200,SF,19.0,0,8,WEIGHTED,2.784779684628091E-11,8.442206521265675E-22,1.6154993380576674E-21,3.1552889797782697E-41,27.014999999999997,1.4520351758793986,27.014999999999997,1.4520351758793986,0.0,536.7149999999997,536.7149999999997,94340.75756281405,0.0,0.0,2.4095979899,18
200,SF,19.0,0,9,WEIGHTED,6.637636551509732E-12,2.6367510431435767E-23,7.02938918692166E-23,1.3951244650345287E-44,26.434999999999995,1.2620854271356792,26.434999999999995,1.2620854271356792,0.0,525.9049999999997,525.9049999999997,91952.15675879401,0.0,0.0,2.4095979899,18
200,SF,19.0,0,10,WEIGHTED,5.943933678587142E-12,5.345367726907122E-23,8.85167564581683E-23,1.2147721097926249E-43,27.47,1.3056281407035195,27.47,1.3056281407035195,0.0,546.42,546.42,98616.79758793965,0.0,0.0,2.4095979899,18
200,SF,19.0,0,11,WEIGHTED,3.018295280377004E-11,9.148653728802892E-22,1.821301685970497E-21,2.9361760019169974E-41,27.135000000000005,1.122386934673368,27.135000000000005,1.122386934673368,0.0,539.9699999999995,539.9699999999995,96833.88854271361,0.0,0.0,2.4095979899,18
200,SF,19.0,0,12,WEIGHTED,9.522588828581035E-12,1.3017184218813217E-22,2.20200680975408E-22,8.143985992889804E-43,27.025000000000002,1.1501256281407022,27.025000000000002,1.1501256281407022,0.0,538.3949999999995,538.3949999999995,96422.3205778894,0.0,0.0,2.4095979899,18
200,SF,19.0,0,13,WEIGHTED,4.815161602778064E-12,3.850988708803733E-23,6.150311891346534E-23,7.393738078166706E-44,27.01000000000001,1.2360804020100498,27.01000000000001,1.2360804020100498,0.0,537.4249999999994,537.4249999999994,95675.90389447233,0.0,0.0,2.4095979899,18
200,SF,19.0,0,14,WEIGHTED,7.609576857525728E-12,6.581220196435962E-23,1.2338880090512902E-22,3.1882827028442466E-43,27.469999999999995,1.4965829145728637,27.469999999999995,1.4965829145728637,0.0,546.5099999999995,546.5099999999995,99034.90442211051,0.0,0.0,2.4095979899,18
200,SF,19.0,0,15,WEIGHTED,2.2223332063475704E-11,6.326413421637804E-22,1.123354623456469E-21,1.5808282688966175E-41,26.515,1.2259045226130652,26.515,1.2259045226130652,0.0,526.2200000000001,526.2200000000001,88796.86592964824,0.0,0.0,2.4095979899,18
200,SF,19.0,0,16,WEIGHTED,3.485947031034444E-11,1.1229702404856139E-21,2.3325380596009704E-21,3.381251913562706E-41,27.200000000000006,1.1959798994974875,27.200000000000006,1.1959798994974875,0.0,540.555,540.555,96128.31856783916,0.0,0.0,2.4095979899,18
200,SF,19.0,0,17,WEIGHTED,4.079438398196801E-11,2.676515154555534E-21,4.327314343250999E-21,3.3812537471571447E-40,27.57,1.311658291457287,27.57,1.311658291457287,0.0,548.3550000000002,548.3550000000002,99093.32560301505,0.0,0.0,2.4095979899,18
200,SF,19.0,0,18,WEIGHTED,6.281421494058747E-12,4.6756190482283504E-23,8.597866551589536E-23,9.188503254429946E-44,27.544999999999995,1.3647989949748744,27.544999999999995,1.3647989949748744,0.0,547.525,547.525,98168.16017587938,0.0,0.0,2.4095979899,18
200,SF,19.0,0,19,WEIGHTED,3.7190323043390065E-11,1.4222181262839722E-21,2.798227163724263E-21,1.0733914545892988E-40,27.544999999999995,1.3647989949748744,27.544999999999995,1.3647989949748744,0.0,547.525,547.525,98168.16017587938,0.0,0.0,2.4095979899,18
200,SF,19.0,0,20,WEIGHTED,8.644221449749519E-12,4.144177770105494E-23,1.1595713328485946E-22,3.6625378669616487E-44,26.900000000000002,1.5276381909547745,26.900000000000002,1.5276381909547745,0.0,534.5799999999999,534.5799999999999,93617.95336683416,0.0,0.0,2.4095979899,18
200,SF,19.0,0,21,WEIGHTED,4.239218254209473E-11,1.5427627520090519E-21,3.3321460789312917E-21,1.0087630527737226E-40,27.525000000000002,1.2556532663316575,27.525000000000002,1.2556532663316575,0.0,547.2449999999997,547.2449999999997,98222.99997487437,0.0,0.0,2.4095979899,18
200,SF,19.0,0,22,WEIGHTED,1.6318483786470494E-11,4.111861504647506E-22,6.754231328017271E-22,1.1835941383475117E-41,27.565,1.322386934673366,27.565,1.322386934673366,0.0,547.8350000000002,547.8350000000002,98068.0178643216,0.0,0.0,2.4095979899,18
200,SF,19.0,0,23,WEIGHTED,6.373267580350725E-11,7.4993383495087E-21,1.152369562283611E-20,5.3676519687178907E-39,27.560000000000006,1.3531658291457276,27.560000000000006,1.3531658291457276,0.0,547.535,547.535,97804.42087939697,0.0,0.0,2.4095979899,18
200,SF,19.0,0,24,WEIGHTED,2.772610141477115E-11,5.598852648738779E-22,1.3258225382116844E-21,7.520162578736578E-42,27.349999999999994,1.4547738693467336,27.349999999999994,1.4547738693467336,0.0,542.1350000000001,542.1350000000001,93480.16761306523,0.0,0.0,2.4095979899,18
200,SF,19.0,0,25,WEIGHTED,2.6120767770976274E-11,8.79455648537565E-22,1.5573528792401493E-21,3.9446333666364954E-41,27.32,1.2739698492462315,27.32,1.2739698492462315,0.0,542.3899999999996,542.3899999999996,95432.44010050248,0.0,0.0,2.4095979899,18
200,SF,19.0,0,26,WEIGHTED,1.0726879384748145E-11,2.0388263531608944E-22,3.179291634744439E-22,1.6294126852781798E-42,27.564999999999998,1.4128391959798994,27.564999999999998,1.4128391959798994,0.0,547.7949999999995,547.7949999999995,98097.28942211057,0.0,0.0,2.4095979899,18
200,SF,19.0,0,27,WEIGHTED,8.353108760239535E-12,1.0230182063183667E-22,1.7156473748906794E-22,6.140011168060293E-43,27.544999999999995,1.3647989949748742,27.544999999999995,1.3647989949748742,0.0,547.73,547.73,98630.43929648238,0.0,0.0,2.4095979899,18
200,SF,19.0,0,28,WEIGHTED,4.346752180417466E-11,2.0837640941025768E-21,3.9627707254284675E-21,2.036718058702577E-40,27.544999999999995,1.3647989949748744,27.544999999999995,1.3647989949748744,0.0,547.525,547.525,98168.16017587938,0.0,0.0,2.4095979899,18
200,SF,19.0,0,29,WEIGHTED,1.221441614518426E-11,1.3456427046522998E-22,2.8308341088064163E-22,4.6274109705759515E-43,27.084999999999994,1.1032914572864314,27.084999999999994,1.1032914572864314,0.0,537.3549999999994,537.3549999999994,92677.8884170854,0.0,0.0,2.4095979899,18
200,SF,19.0,0,30,WEIGHTED,1.704206054053969E-11,2.4104120421760626E-22,5.302678256639384E-22,2.0687604541595973E-42,27.40500000000001,1.2271105527638182,27.40500000000001,1.2271105527638182,0.0,544.9250000000001,544.9250000000001,97521.80841708543,0.0,0.0,2.4095979899,18
200,SF,19.0,0,31,WEIGHTED,4.774276529673214E-12,1.4123952286765618E-23,3.684704890712032E-23,6.040306510672623E-45,26.845000000000002,1.4080150753768839,26.845000000000002,1.4080150753768839,0.0,534.0750000000002,534.0750000000002,94776.64258793966,0.0,0.0,2.4095979899,18
200,SF,19.0,0,32,WEIGHTED,2.4639051909858274E-11,9.337560906521765E-22,1.5361701892156057E-21,1.2056039655432221E-40,27.369999999999997,1.2392964824120616,27.369999999999997,1.2392964824120616,0.0,543.505,543.505,95425.72861809048,0.0,0.0,2.4095979899,18
200,SF,19.0,0,33,WEIGHTED,3.4344793675700205E-11,2.0552352667422786E-21,3.224523943034983E-21,4.466704150212353E-40,27.394999999999992,1.4462060301507529,27.394999999999992,1.4462060301507529,0.0,544.4250000000002,544.4250000000002,96753.27072864315,0.0,0.0,2.4095979899,18
200,SF,19.0,0,34,WEIGHTED,1.2709819308120986E-11,1.1695347801667502E-22,2.7790821747167666E-22,5.776353493438658E-43,27.620000000000005,1.3121608040201003,27.620000000000005,1.3121608040201003,0.0,549.4600000000003,549.4600000000003,99565.6164824121,0.0,0.0,2.4095979899,18
200,SF,19.0,0,0,WEIGHTED,9.986456106503282E-16,1.672179170379015E-30,2.6611113301982867E-30,1.6831778018072856E-58,28.015,0.7987688442211055,28.015,0.7987688442211055,0.0,557.3349999999999,557.3349999999999,102928.41484924626,0.0,0.0,2.4095979899,21
200,SF,19.0,0,1,WEIGHTED,7.90095766589616E-14,4.527329545622273E-27,1.074720610172249E-26,6.654459045754808E-52,28.750000000000007,1.1331658291457287,28.750000000000007,1.1331658291457287,0.0,571.3000000000002,571.3000000000002,106757.0050251256,0.0,0.0,2.4095979899,21
200,SF,19.0,0,2,WEIGHTED,3.319678421043193E-12,8.047317709074788E-24,1.9027345939669243E-23,1.642437055484247E-45,30.414999999999996,1.2389698492462304,30.414999999999996,1.2389698492462304,0.0,605.3050000000001,605.3050000000001,120741.1075125628,0.0,0.0,2.4095979899,21
200,SF,19.0,0,3,WEIGHTED,8.908707105348408E-14,6.364312677789171E-27,1.4268997343288757E-26,5.7875111196706E-52,29.559999999999995,0.790351758793969,29.559999999999995,0.790351758793969,0.0,588.16,588.16,114252.77829145732,0.0,0.0,2.4095979899,21
200,SF,19.0,0,4,WEIGHTED,2.4100371698310147E-12,1.2809845243218943E-23,1.8554075176969915E-23,1.2160855525539336E-44,30.550000000000004,1.2939698492462306,30.550000000000004,1.2939698492462306,0.0,607.5949999999999,607.5949999999999,121693.65927135675,0.0,0.0,2.4095979899,21
200,SF,19.0,0,5,WEIGHTED,3.331203091150315E-12,1.8951759302736363E-23,2.995391454071208E-23,1.8909238583363065E-44,30.544999999999995,1.3647989949748744,30.544999999999995,1.3647989949748744,0.0,607.5250000000002,607.5250000000002,121450.99434673357,0.0,0.0,2.4095979899,21
200,SF,19.0,0,6,WEIGHTED,2.546513000467597E-13,1.5276963363652631E-25,2.1685307008384856E-25,2.105771413813798E-48,30.565,1.3826884422110555,30.565,1.3826884422110555,0.0,607.8900000000004,607.8900000000004,121640.45015075372,0.0,0.0,2.4095979899,21
200,SF,19.0,0,7,WEIGHTED,2.887928229888815E-12,6.612037158006861E-24,1.4919106433205575E-23,1.7711254548759683E-45,30.54500000000001,1.3748492462311555,30.54500000000001,1.3748492462311555,0.0,607.4500000000003,607.4500000000003,121360.67085427133,0.0,0.0,2.4095979899,21
200,SF,19.0,0,8,WEIGHTED,9.868433847870508E-13,9.616250476219164E-25,1.9306767884817703E-24,2.1008001696103996E-47,30.334999999999994,1.238969849246233,30.334999999999994,1.238969849246233,0.0,603.67,603.67,120945.15688442209,0.0,0.0,2.4095979899,21
200,SF,19.0,0,9,WEIGHTED,1.627239454293771E-12,3.857697909315837E-24,6.4863176613795485E-24,6.819170518766611E-46,30.550000000000004,1.3743718592964824,30.550000000000004,1.3743718592964824,0.0,607.6150000000004,607.6150000000004,121443.65505025123,0.0,0.0,2.4095979899,21
200,SF,19.0,0,10,WEIGHTED,1.8768381293554618E-12,3.3579459438850724E-24,6.863677577968158E-24,5.1691600299950964E-46,30.51,1.356683417085429,30.51,1.356683417085429,0.0,606.5,606.5,120123.97989949759,0.0,0.0,2.4095979899,21
200,SF,19.0,0,11,WEIGHTED,1.4198536790743788E-12,2.0661910385769823E-24,4.071844553365146E-24,1.683446207802652E-46,30.024999999999995,1.4616834170854272,30.024999999999995,1.4616834170854272,0.0,595.3849999999999,595.3849999999999,112913.9163567839,0.0,0.0,2.4095979899,21
200,SF,19.0,0,12,WEIGHTED,1.8241053112433298E-12,4.63997266526407E-24,7.944132988443867E-24,1.0066727840960566E-45,30.070000000000007,1.2513567839195994,30.070000000000007,1.2513567839195994,0.0,598.7099999999998,598.7099999999998,119944.0963819096,0.0,0.0,2.4095979899,21
200,SF,19.0,0,13,WEIGHTED,2.965522272191381E-13,1.5536812698926765E-25,2.4253450982295236E-25,1.894287100244535E-48,29.950000000000014,1.1733668341708545,29.950000000000014,1.1733668341708545,0.0,595.4499999999998,595.4499999999998,116554.74120603019,0.0,0.0,2.4095979899,21
200,SF,19.0,0,14,WEIGHTED,3.201435783140028E-12,1.0560447267027369E-23,2.0756836104261642E-23,5.792984672456325E-45,30.515,1.3666080402010032,30.515,1.3666080402010032,0.0,606.4399999999996,606.4399999999996,119959.60442211058,0.0,0.0,2.4095979899,21
200,SF,19.0,0,15,WEIGHTED,2.542058230581291E-12,9.107679621109041E-24,1.552420127066956E-23,3.495812224359481E-45,30.450000000000003,1.2839195979899483,30.450000000000003,1.2839195979899483,0.0,605.3549999999999,605.3549999999999,120195.36580402013,0.0,0.0,2.4095979899,21
200,SF,19.0,0,16,WEIGHTED,2.411209010233506E-12,4.758135727973241E-24,1.0548273940364619E-23,5.548197538888569E-46,30.514999999999997,1.1857035175879393,30.514999999999997,1.1857035175879393,0.0,606.8050000000001,606.8050000000001,120543.4341457286,0.0,0.0,2.4095979899,21
200,SF,19.0,0,17,WEIGHTED,8.873224377481392E-13,2.1143544653254267E-24,2.8911238015300994E-24,2.24001091856697E-46,30.575000000000003,1.2707286432160796,30.575000000000003,1.2707286432160796,0.0,608.6000000000001,608.6000000000001,122872.18090452254,0.0,0.0,2.4095979899,21
200,SF,19.0,0,18,WEIGHTED,2.2769619523188564E-13,1.390884617450541E-25,1.9023857675940606E-25,1.0455003611720543E-48,30.515,1.3766582914572867,30.515,1.3766582914572867,0.0,607.0099999999998,607.0099999999998,121657.28633165828,0.0,0.0,2.4095979899,21
200,SF,19.0,0,19,WEIGHTED,2.4969137868424695E-13,7.684630928797145E-26,1.388078623307715E-25,7.21545813248298E-49,30.494999999999997,1.3668090452261303,30.494999999999997,1.3668090452261303,0.0,606.715,606.715,121603.7324371859,0.0,0.0,2.4095979899,21
200,SF,19.0,0,20,WEIGHTED,4.497411332238246E-12,1.4218467575122498E-23,3.4374083928591856E-23,3.963964616581379E-45,30.36000000000002,1.1863316582914563,30.36000000000002,1.1863316582914563,0.0,604.1050000000001,604.1050000000001,121099.0793718593,0.0,0.0,2.4095979899,21
200,SF,19.0,0,21,WEIGHTED,3.498800693613191E-12,1.5652288613035773E-23,2.781563346359874E-23,1.2426222097642772E-44,30.549999999999994,1.3743718592964822,30.549999999999994,1.3743718592964822,0.0,607.585,607.585,121423.309321608,0.0,0.0,2.4095979899,21
200,SF,19.0,0,22,WEIGHTED,2.688073097445453E-12,1.129527481417013E-23,1.8464535417309274E-23,7.164156238754578E-45,30.555000000000003,1.3336432160804,30.555000000000003,1.3336432160804,0.0,607.8349999999997,607.8349999999997,121685.34449748746,0.0,0.0,2.4095979899,21
200,SF,19.0,0,23,WEIGHTED,9.146627899525587E-13,1.255808048363819E-24,2.0861370274457968E-24,6.886378009226444E-47,30.544999999999995,1.3647989949748744,30.544999999999995,1.3647989949748744,0.0,607.5250000000002,607.5250000000002,121450.99434673357,0.0,0.0,2.4095979899,21
200,SF,19.0,0,24,WEIGHTED,6.670308749789913E-13,7.147071784305213E-25,1.1560638307136072E-24,3.3966337717298424E-47,30.545,1.3748492462311557,30.545,1.3748492462311557,0.0,607.5499999999998,607.5499999999998,121465.77638190951,0.0,0.0,2.4095979899,21
200,SF,19.0,0,25,WEIGHTED,5.965827831744262E-13,4.795789944436287E-25,8.33092116651555E-25,9.143685084384611E-48,30.544999999999995,1.3647989949748744,30.544999999999995,1.3647989949748744,0.0,607.5250000000002,607.5250000000002,121450.99434673357,0.0,0.0,2.4095979899,21
200,SF,19.0,0,26,WEIGHTED,1.704973384697439E-12,2.3143121136450616E-24,5.209674795603476E-24,2.8733805085364125E-46,29.729999999999993,1.2332663316582921,29.729999999999993,1.2332663316582921,0.0,591.5800000000002,591.5800000000002,115334.71718592966,0.0,0.0,2.4095979899,21
200,SF,19.0,0,27,WEIGHTED,2.221657857681691E-12,1.3083309923063748E-23,1.7953657010047231E-23,1.0848495254145783E-44,30.059999999999995,1.2828140703517579,30.059999999999995,1.2828140703517579,0.0,596.7000000000002,596.7000000000002,114686.93467336685,0.0,0.0,2.4095979899,21
200,SF,19.0,0,28,WEIGHTED,8.42503844467046E-13,9.982614941091642E-25,1.703082914580371E-24,8.966129509473992E-47,29.745000000000005,1.0452010050251257,29.745000000000005,1.0452010050251257,0.0,590.8800000000001,590.8800000000001,113816.67899497488,0.0,0.0,2.4095979899,21
200,SF,19.0,0,29,WEIGHTED,9.384049093341668E-14,8.977130223645866E-27,1.7738282311152296E-26,4.054116980878395E-51,29.020000000000007,1.1352763819095497,29.020000000000007,1.1352763819095497,0.0,577.7899999999998,577.7899999999998,111119.85517587942,0.0,0.0,2.4095979899,21
200,SF,19.0,0,30,WEIGHTED,2.1720181209161636E-13,3.090822429270257E-26,7.793031034712092E-26,1.944221919681399E-50,30.24000000000001,0.9370854271356778,30.24000000000001,0.9370854271356778,0.0,602.7249999999997,602.7249999999997,122714.35113065323,0.0,0.0,2.4095979899,21
200,SF,19.0,0,31,WEIGHTED,1.477246103220864E-13,4.105903714172185E-26,6.26763024508255E-26,7.045103279333022E-50,30.444999999999986,1.2130402010050247,30.444999999999986,1.2130402010050247,0.0,606.1500000000001,606.1500000000001,122574.53015075377,0.0,0.0,2.4095979899,21
200,SF,19.0,0,32,WEIGHTED,1.3906431561849793E-13,5.269715746054065E-26,7.177255555167919E-26,1.5932884489760994E-49,30.644999999999996,1.2150502512562822,30.644999999999996,1.2150502512562822,0.0,609.9399999999997,609.9399999999997,123548.23758793967,0.0,0.0,2.4095979899,21
200,SF,19.0,0,33,WEIGHTED,2.7180080408584213E-12,8.387933247647976E-24,1.5733561291580767E-23,3.5336514507380396E-45,30.57,1.3518592964824128,30.57,1.3518592964824128,0.0,608.4349999999996,608.4349999999996,122981.97565326637,0.0,0.0,2.4095979899,21
200,SF,19.0,0,34,WEIGHTED,9.07429686947125E-13,1.9242013378154438E-24,2.7380089678793247E-24,2.0734962333969604E-46,30.569999999999983,1.4222110552763807,30.569999999999983,1.4222110552763807,0.0,608.0599999999998,608.0599999999998,121599.24261306535,0.0,0.0,2.4095979899,21
200,SF,19.0,0,0,WEIGHTED,1.6708856520608595E-16,2.7500808543781674E-32,5.528189312369125E-32,8.130843754114031E-63,31.065000000000005,0.9656030150753795,31.065000000000005,0.9656030150753795,0.0,618.0200000000004,618.0200000000004,125884.2910552764,0.0,0.0,2.4095979899,24
200,SF,19.0,0,1,WEIGHTED,5.17136333755275E-14,3.637967253172566E-27,6.2940772938051726E-27,5.77852205627134E-52,32.71,1.4833165829145747,32.71,1.4833165829145747,0.0,650.5349999999999,650.5349999999999,139371.4058040201,0.0,0.0,2.4095979899,24
200,SF,19.0,0,2,WEIGHTED,2.990069303265841E-13,1.043834762819102E-25,1.9326670328382745E-25,6.7103535906858895E-49,33.51999999999999,1.245829145728646,33.51999999999999,1.245829145728646,0.0,667.1599999999996,667.1599999999996,147524.0345728642,0.0,0.0,2.4095979899,24
200,SF,19.0,0,3,WEIGHTED,9.313660953580435E-15,1.368812154793058E-28,2.2294108976015813E-28,1.1917707965609654E-54,32.36499999999999,0.9867085427135697,32.36499999999999,0.9867085427135697,0.0,644.8349999999998,644.8349999999998,139188.52037688447,0.0,0.0,2.4095979899,24
200,SF,19.0,0,4,WEIGHTED,2.868544290990372E-13,1.0575499441294915E-25,1.8751168293461888E-25,8.913787705861267E-49,33.52000000000001,1.3563819095477374,33.52000000000001,1.3563819095477374,0.0,666.8149999999998,666.8149999999998,146961.7595728644,0.0,0.0,2.4095979899,24
200,SF,19.0,0,5,WEIGHTED,1.210642697202502E-14,7.658192168719538E-28,9.085556948165683E-28,9.17032692880618E-53,33.56000000000003,1.383316582914574,33.56000000000003,1.383316582914574,0.0,668.2599999999999,668.2599999999999,148349.82150753762,0.0,0.0,2.4095979899,24
200,SF,19.0,0,6,WEIGHTED,2.1884383194503702E-13,1.3958044516925703E-25,1.8677516572379851E-25,2.1310712231243706E-48,33.54500000000004,1.3044974874371824,33.54500000000004,1.3044974874371824,0.0,667.9250000000002,667.9250000000002,148227.8184673367,0.0,0.0,2.4095979899,24
200,SF,19.0,0,7,WEIGHTED,1.7578660749251198E-13,5.641974874408099E-26,8.703858137408702E-26,1.5150282774787007E-49,33.54500000000001,1.3044974874371895,33.54500000000001,1.3044974874371895,0.0,667.1400000000002,667.1400000000002,145882.9551758794,0.0,0.0,2.4095979899,24
200,SF,19.0,0,8,WEIGHTED,6.917244554927038E-15,6.647704059482961E-29,1.1399292762452324E-28,1.9518501904998796E-55,33.03999999999997,0.902914572864323,33.03999999999997,0.902914572864323,0.0,657.67,657.67,143327.35788944724,0.0,0.0,2.4095979899,24
200,SF,19.0,0,9,WEIGHTED,9.129363931492656E-15,1.2236420762613254E-28,2.050976723816411E-28,1.5552706477015487E-54,32.890000000000015,1.023015075376885,32.890000000000015,1.023015075376885,0.0,654.5400000000001,654.5400000000001,141711.56623115586,0.0,0.0,2.4095979899,24
200,SF,19.0,0,10,WEIGHTED,6.994849144348332E-14,7.588457244386866E-27,1.2443306413384E-26,2.2271148788877653E-51,32.7,1.4271356783919613,32.7,1.4271356783919613,0.0,650.06,650.06,138562.56924623114,0.0,0.0,2.4095979899,24
200,SF,19.0,0,11,WEIGHTED,3.3169023083701176E-14,9.2974718163832E-28,2.025282538057231E-27,2.1658967171952484E-53,32.29,1.1014070351758802,32.29,1.1014070351758802,0.0,642.8800000000002,642.8800000000002,137372.04582914573,0.0,0.0,2.4095979899,24
200,SF,19.0,0,12,WEIGHTED,6.20781204219156E-15,3.0445320755637715E-29,6.883002450303813E-29,2.7045800786139324E-56,32.46000000000003,1.1843216080402024,32.46000000000003,1.1843216080402024,0.0,645.075,645.075,136098.78329145722,0.0,0.0,2.4095979899,24
200,SF,19.0,0,13,WEIGHTED,1.1141088052113445E-14,9.704299153702223E-29,2.206816195642822E-28,2.5494528240026988E-55,32.52500000000003,1.356155778894483,32.52500000000003,1.356155778894483,0.0,646.9900000000002,646.9900000000002,137537.12552763827,0.0,0.0,2.4095979899,24
200,SF,19.0,0,14,WEIGHTED,6.419476061836353E-14,2.9783751783356016E-27,7.084450593292917E-27,3.3734749272418685E-52,33.55499999999999,1.3034924623115622,33.55499999999999,1.3034924623115622,0.0,667.8600000000002,667.8600000000002,147452.7742713568,0.0,0.0,2.4095979899,24
200,SF,19.0,0,15,WEIGHTED,3.4830305306599016E-13,1.567434510471336E-25,2.77274750566988E-25,1.2601201495312038E-48,33.56000000000001,1.363216080402016,33.56000000000001,1.363216080402016,0.0,667.7299999999998,667.7299999999998,147122.1679396985,0.0,0.0,2.4095979899,24
200,SF,19.0,0,16,WEIGHTED,8.838818565948259E-14,1.0224624189471774E-26,1.7985972432699574E-26,3.484461165576886E-51,33.449999999999974,1.4045226130653279,33.449999999999974,1.4045226130653279,0.0,665.7499999999998,665.7499999999998,146806.22864321605,0.0,0.0,2.4095979899,24
200,SF,19.0,0,17,WEIGHTED,2.4366064721448304E-14,1.0647415825587803E-27,1.653122984655794E-27,6.164006913732625E-53,32.56500000000001,1.3424874371859339,32.56500000000001,1.3424874371859339,0.0,648.78,648.78,141364.5744723619,0.0,0.0,2.4095979899,24
200,SF,19.0,0,18,WEIGHTED,4.458100555382316E-15,7.211574847764367E-29,9.162983029715555E-29,7.483257092891824E-55,33.379999999999995,0.879999999999999,33.379999999999995,0.879999999999999,0.0,665.2199999999997,665.2199999999997,148288.2227135678,0.0,0.0,2.4095979899,24
200,SF,19.0,0,19,WEIGHTED,8.356093594841236E-15,6.117939365219093E-29,1.3069779684967677E-28,7.70286370660191E-56,33.02500000000001,0.9591708542713565,33.02500000000001,0.9591708542713565,0.0,658.1299999999997,658.1299999999997,145107.4101507537,0.0,0.0,2.4095979899,24
200,SF,19.0,0,20,WEIGHTED,4.6334047709706306E-14,2.715283570543999E-27,4.848551129856613E-27,3.2933428682966742E-52,32.940000000000005,1.3833165829145735,32.940000000000005,1.3833165829145735,0.0,654.29,654.29,139591.14160804017,0.0,0.0,2.4095979899,24
200,SF,19.0,0,21,WEIGHTED,2.699118706317449E-13,7.891846661615693E-26,1.51376292191004E-25,2.8609422353514815E-49,32.81999999999998,1.2538693467336681,32.81999999999998,1.2538693467336681,0.0,652.98,652.98,140629.6980904523,0.0,0.0,2.4095979899,24
200,SF,19.0,0,22,WEIGHTED,8.48965342470365E-14,8.768914862219044E-27,1.5932491815066182E-26,3.6451581067483855E-51,33.565000000000026,1.2922361809045224,33.565000000000026,1.2922361809045224,0.0,668.0799999999999,668.0799999999999,147471.78251256282,0.0,0.0,2.4095979899,24
200,SF,19.0,0,23,WEIGHTED,6.116607220718609E-14,8.330675539218816E-27,1.2030310550777419E-26,3.141151686818915E-51,33.545,1.3647989949748744,33.545,1.3647989949748744,0.0,667.5249999999993,667.5249999999993,147221.44660804025,0.0,0.0,2.4095979899,24
200,SF,19.0,0,24,WEIGHTED,2.5499047318078287E-14,2.469374331292111E-27,3.1072288737652452E-27,4.086067617349268E-52,33.39500000000004,1.4261055276381915,33.39500000000004,1.4261055276381915,0.0,664.8499999999997,664.8499999999997,147104.55025125633,0.0,0.0,2.4095979899,24
200,SF,19.0,0,25,WEIGHTED,1.220190615214278E-14,2.2080184497649536E-28,3.685843494973129E-28,2.1402346806256933E-54,33.58500000000003,1.470125628140705,33.58500000000003,1.470125628140705,0.0,668.1949999999996,668.1949999999996,147218.1276130652,0.0,0.0,2.4095979899,24
200,SF,19.0,0,26,WEIGHTED,3.458938691025537E-13,9.848234938410951E-26,2.176325063199234E-25,2.401838306802362E-49,33.49500000000001,1.3065075376884436,33.49500000000001,1.3065075376884436,0.0,665.8750000000002,665.8750000000002,144946.8435929648,0.0,0.0,2.4095979899,24
200,SF,19.0,0,27,WEIGHTED,2.7636837263145236E-13,1.0949684186334524E-25,1.853288350449859E-25,4.229120133077864E-49,33.46,1.3652261306532651,33.46,1.3652261306532651,0.0,665.1099999999998,665.1099999999998,144336.40994974884,0.0,0.0,2.4095979899,24
200,SF,19.0,0,28,WEIGHTED,1.420247253136609E-13,1.1243247050511241E-26,3.135805341567949E-26,3.020369727189805E-51,33.414999999999964,1.2490201005025117,33.414999999999964,1.2490201005025117,0.0,664.8700000000005,664.8700000000005,146095.1689447236,0.0,0.0,2.4095979899,24
200,SF,19.0,0,29,WEIGHTED,2.926814346437823E-13,1.3056190759829364E-25,2.1557152024544477E-25,9.82708864372712E-49,33.074999999999996,1.2958542713567816,33.074999999999996,1.2958542713567816,0.0,658.635,658.635,144924.8560552764,0.0,0.0,2.4095979899,24
200,SF,19.0,0,30,WEIGHTED,4.689915122924047E-14,2.0952737176857984E-27,4.284327735120536E-27,1.42858822908147E-52,32.57000000000002,1.261407035175876,32.57000000000002,1.261407035175876,0.0,648.0850000000003,648.0850000000003,138272.69123115583,0.0,0.0,2.4095979899,24
200,SF,19.0,0,31,WEIGHTED,3.826772232429217E-14,1.6955372919213465E-27,3.151478177350872E-27,7.318437687680379E-53,32.504999999999995,1.0954522613065327,32.504999999999995,1.0954522613065327,0.0,647.1400000000002,647.1400000000002,139503.73909547742,0.0,0.0,2.4095979899,24
200,SF,19.0,0,32,WEIGHTED,4.6784798257704107E-14,4.7536667717013116E-27,6.918715785856883E-27,1.7325255029897392E-51,33.385000000000005,1.1424874371859302,33.385000000000005,1.1424874371859302,0.0,664.8149999999997,664.8149999999997,147614.5434924623,0.0,0.0,2.4095979899,24
200,SF,19.0,0,33,WEIGHTED,2.995992343102217E-14,1.977402176663486E-27,2.8651121777728788E-27,1.9620745883049337E-52,33.470000000000006,1.536783919597993,33.470000000000006,1.536783919597993,0.0,666.5099999999999,666.5099999999999,148276.87427135685,0.0,0.0,2.4095979899,24
200,SF,19.0,0,34,WEIGHTED,6.484257575323229E-15,1.5298377769676602E-28,1.9426445511141864E-28,2.4501121520067168E-54,33.60000000000001,1.4070351758793973,33.60000000000001,1.4070351758793973,0.0,668.9150000000004,668.9150000000004,148548.0580653266,0.0,0.0,2.4095979899,24
200,SF,19.0,0,0,WEIGHTED,2.4646951146678463E-16,2.9626880353746414E-32,9.022596603465323E-32,1.0801104289004357E-62,34.16500000000002,0.8821859296482434,34.16500000000002,0.8821859296482434,0.0,679.0800000000003,679.0800000000003,151207.55135678398,0.0,0.0,2.4095979899,27
200,SF,19.0,0,1,WEIGHTED,3.8080649744642866E-16,1.8972179097911934E-31,3.3378677052164077E-31,2.524156457843887E-60,35.065,1.1867085427135682,35.065,1.1867085427135682,0.0,698.9150000000002,698.9150000000002,163432.98268844216,0.0,0.0,2.4095979899,27
200,SF,19.0,0,2,WEIGHTED,9.564571357145726E-16,1.1144986112800743E-30,2.023736370682998E-30,9.243990143474497E-59,36.375000000000014,1.0295226130653266,36.375000000000014,1.0295226130653266,0.0,724.1949999999997,724.1949999999997,173833.45424623112,0.0,0.0,2.4095979899,27
200,SF,19.0,0,3,WEIGHTED,2.4097390749489033E-15,5.163000167001889E-30,1.0944027575502465E-29,6.350079650627251E-58,35.83000000000001,1.448341708542717,35.83000000000001,1.448341708542717,0.0,712.1149999999997,712.1149999999997,165850.34349246215,0.0,0.0,2.4095979899,27
200,SF,19.0,0,4,WEIGHTED,6.972200594645983E-16,3.809474719377272E-31,8.651585458978565E-31,4.190194041871546E-60,35.325,1.0747487437185939,35.325,1.0747487437185939,0.0,702.5400000000003,702.5400000000003,160885.42552763823,0.0,0.0,2.4095979899,27
200,SF,19.0,0,5,WEIGHTED,2.4879542870337452E-14,9.679945919371513E-28,1.5821462724144241E-27,5.008217538545574E-53,36.55499999999999,1.3637939698492518,36.55499999999999,1.3637939698492518,0.0,727.825,727.825,175762.32600502524,0.0,0.0,2.4095979899,27
200,SF,19.0,0,6,WEIGHTED,4.182210133762964E-15,1.797719731147417E-29,3.537819292786644E-29,1.0510221853072927E-56,34.749999999999986,0.9924623115577865,34.749999999999986,0.9924623115577865,0.0,691.0049999999998,691.0049999999998,156553.9346482412,0.0,0.0,2.4095979899,27
200,SF,19.0,0,7,WEIGHTED,7.022160630754116E-16,4.7519176014780555E-31,9.659232005881974E-31,8.639966020027297E-60,35.355,1.014045226130653,35.355,1.014045226130653,0.0,703.9549999999999,703.9549999999999,164225.82208542712,0.0,0.0,2.4095979899,27
200,SF,19.0,0,8,WEIGHTED,1.301181384860684E-15,2.4805711344048958E-30,4.161241275040836E-30,3.1569639046877917E-58,36.574999999999996,1.3511306532663325,36.574999999999996,1.3511306532663325,0.0,728.315,728.315,176216.71937185922,0.0,0.0,2.4095979899,27
200,SF,19.0,0,9,WEIGHTED,1.323385845353186E-15,3.912512242387107E-30,5.644299776856338E-30,1.0917012092019466E-57,36.605000000000004,1.1446984924623107,36.605000000000004,1.1446984924623107,0.0,729.4550000000002,729.4550000000002,178429.73665829148,0.0,0.0,2.4095979899,27
200,SF,19.0,0,10,WEIGHTED,4.8205883729224315E-15,8.701667968389396E-29,1.0981966854662935E-28,8.560094091783694E-55,36.48999999999999,1.467236180904521,36.48999999999999,1.467236180904521,0.0,726.29,726.29,173922.03608040206,0.0,0.0,2.4095979899,27
200,SF,19.0,0,11,WEIGHTED,6.607492331056618E-15,7.658900108823131E-29,1.1986501098776228E-28,3.605241778173063E-55,36.56999999999998,1.3518592964824137,36.56999999999998,1.3518592964824137,0.0,728.2300000000001,728.2300000000001,176235.13276381907,0.0,0.0,2.4095979899,27
200,SF,19.0,0,12,WEIGHTED,6.9183547779516635E-15,1.164000410422859E-28,1.6368167367068113E-28,4.4182802272040074E-55,36.135,1.3736432160804004,36.135,1.3736432160804004,0.0,720.405,720.405,175538.10148241205,0.0,0.0,2.4095979899,27
200,SF,19.0,0,13,WEIGHTED,3.819167204710537E-15,3.476921782809147E-29,4.9181409876487525E-29,6.4700996347503805E-56,35.45,1.3241206030150765,35.45,1.3241206030150765,0.0,704.0900000000001,704.0900000000001,160911.68030150753,0.0,0.0,2.4095979899,27
200,SF,19.0,0,14,WEIGHTED,6.275535646693696E-15,4.106064833840132E-29,8.023769274963257E-29,4.853727477255126E-56,36.56500000000002,1.302286432160805,36.56500000000002,1.302286432160805,0.0,728.0200000000001,728.0200000000001,176083.4568844221,0.0,0.0,2.4095979899,27
200,SF,19.0,0,15,WEIGHTED,2.4935609133081017E-15,5.733839453724075E-30,1.1923016284833387E-29,1.4239294354590982E-57,36.23500000000002,0.9444974874371845,36.23500000000002,0.9444974874371845,0.0,720.715,720.715,170756.0439949748,0.0,0.0,2.4095979899,27
200,SF,19.0,0,16,WEIGHTED,6.33881835909733E-15,4.8966682198232086E-29,8.890246697687027E-29,6.450299989922804E-56,35.29499999999999,1.3446984924623102,35.29499999999999,1.3446984924623102,0.0,703.4449999999997,703.4449999999997,166655.0823869346,0.0,0.0,2.4095979899,27
200,SF,19.0,0,17,WEIGHTED,1.8074430840897546E-15,3.1557111993317986E-30,6.406783145559026E-30,2.9359567303565053E-58,36.545,1.3647989949748744,36.545,1.3647989949748744,0.0,727.5250000000005,727.5250000000005,175479.516959799,0.0,0.0,2.4095979899,27
200,SF,19.0,0,18,WEIGHTED,2.7888802378583945E-15,1.0141416420858206E-29,1.7868562319870995E-29,3.7931240524853054E-57,36.29500000000002,1.2542462311557785,36.29500000000002,1.2542462311557785,0.0,721.5699999999997,721.5699999999997,170474.89959798998,0.0,0.0,2.4095979899,27
200,SF,19.0,0,19,WEIGHTED,1.8879342533750786E-15,6.705998718691795E-30,1.0236764470165251E-29,2.620756278251621E-57,35.76999999999999,1.0825125628140695,35.76999999999999,1.0825125628140695,0.0,712.5799999999999,712.5799999999999,168690.2046231156,0.0,0.0,2.4095979899,27
200,SF,19.0,0,20,WEIGHTED,8.570366638593898E-15,8.544383096011325E-29,1.5846779612523591E-28,1.9387467534880138E-55,36.35999999999997,1.1963819095477382,36.35999999999997,1.1963819095477382,0.0,723.9750000000004,723.9750000000004,174834.6978643216,0.0,0.0,2.4095979899,27
200,SF,19.0,0,21,WEIGHTED,1.0280665208028953E-15,9.21936586569099E-31,1.9742476748320223E-30,3.878033706925376E-59,36.265000000000036,1.0399748743718593,36.265000000000036,1.0399748743718593,0.0,722.3099999999998,722.3099999999998,173994.5767839196,0.0,0.0,2.4095979899,27
200,SF,19.0,0,22,WEIGHTED,1.7169599075828042E-15,5.2548043503626285E-30,8.176481652857564E-30,2.2129469712947228E-57,36.545,1.3647989949748744,36.545,1.3647989949748744,0.0,727.5250000000005,727.5250000000005,175479.516959799,0.0,0.0,2.4095979899,27
200,SF,19.0,0,23,WEIGHTED,2.398636844702651E-15,1.4155878219719335E-29,1.983855754138582E-29,1.0382821325546727E-56,36.57500000000001,1.391331658291456,36.57500000000001,1.391331658291456,0.0,728.3449999999998,728.3449999999998,176307.7245979899,0.0,0.0,2.4095979899,27
200,SF,19.0,0,24,WEIGHTED,2.750577543508825E-15,1.008293039970161E-29,1.7598192570558144E-29,2.768490323008899E-57,36.23500000000002,1.225904522613065,36.23500000000002,1.225904522613065,0.0,719.8350000000003,719.8350000000003,168282.79173366836,0.0,0.0,2.4095979899,27
200,SF,19.0,0,25,WEIGHTED,7.105982469113309E-15,4.3812687718362326E-29,9.408861113111622E-29,6.128796212524726E-56,36.235,1.4068090452261324,36.235,1.4068090452261324,0.0,722.2450000000001,722.2450000000001,175559.91454773876,0.0,0.0,2.4095979899,27
200,SF,19.0,0,26,WEIGHTED,2.978173263556982E-15,1.2119499696471936E-29,2.0928418185755225E-29,1.2250152001701393E-56,36.59000000000001,1.3787939698492468,36.59000000000001,1.3787939698492468,0.0,728.7350000000001,728.7350000000001,176913.33143216083,0.0,0.0,2.4095979899,27
200,SF,19.0,0,27,WEIGHTED,2.9160007741779745E-15,2.0823608574923602E-29,2.922255104705551E-29,3.1457222346207227E-56,36.33499999999999,1.279170854271358,36.33499999999999,1.279170854271358,0.0,722.7599999999996,722.7599999999996,171149.48984924622,0.0,0.0,2.4095979899,27
200,SF,19.0,0,28,WEIGHTED,8.50486348014101E-15,2.1752639985452967E-28,2.887714706710932E-28,2.4369361919279562E-54,36.58,1.3704522613065337,36.58,1.3704522613065337,0.0,728.465,728.465,176612.28017587945,0.0,0.0,2.4095979899,27
200,SF,19.0,0,29,WEIGHTED,7.308598171107404E-15,9.541489560621288E-29,1.4835342835489626E-28,3.667638499130306E-55,36.54500000000001,1.4452010050251263,36.54500000000001,1.4452010050251263,0.0,728.0000000000003,728.0000000000003,176902.45226130658,0.0,0.0,2.4095979899,27
200,SF,19.0,0,30,WEIGHTED,1.982303210468218E-15,7.284129208417924E-30,1.1177234580608427E-29,4.094571909847473E-57,35.824999999999996,1.0596733668341716,35.824999999999996,1.0596733668341716,0.0,714.4499999999998,714.4499999999998,172409.59547738693,0.0,0.0,2.4095979899,27
200,SF,19.0,0,31,WEIGHTED,1.0342282585895644E-14,1.6777640621659194E-28,2.739003332720294E-28,1.6470014109313258E-54,36.545,1.3647989949748744,36.545,1.3647989949748744,0.0,727.5250000000005,727.5250000000005,175479.516959799,0.0,0.0,2.4095979899,27
200,SF,19.0,0,32,WEIGHTED,6.328271240363392E-16,1.4793619551113894E-30,1.8724353142519335E-30,3.542875629718251E-58,36.33,1.0161809045226144,36.33,1.0161809045226144,0.0,723.0950000000001,723.0950000000001,172923.4230904523,0.0,0.0,2.4095979899,27
200,SF,19.0,0,33,WEIGHTED,2.126632203669486E-15,8.524739338367173E-30,1.3004680171359485E-29,2.9455812369985525E-57,35.93500000000002,1.3475125628140685,35.93500000000002,1.3475125628140685,0.0,713.995,713.995,165228.12560301507,0.0,0.0,2.4095979899,27
200,SF,19.0,0,34,WEIGHTED,2.0833335057091063E-15,4.602965908594026E-30,8.920229575061257E-30,6.2479744350932704E-58,35.48499999999999,1.326407035175879,35.48499999999999,1.326407035175879,0.0,706.1999999999998,706.1999999999998,165251.50753768845,0.0,0.0,2.4095979899,27
200,SF,19.0,0,0,WEIGHTED,9.842127113302005E-16,1.0001583764309854E-30,1.9638322456927755E-30,8.990088069340684E-59,37.27999999999999,1.1573869346733678,37.27999999999999,1.1573869346733678,0.0,740.7349999999999,740.7349999999999,178135.3414824121,0.0,0.0,2.4095979899,30
200,SF,19.0,0,1,WEIGHTED,2.853273173286652E-16,6.373693849642948E-32,1.448299318179201E-31,1.1104527283110675E-61,38.46999999999999,1.0644221105527656,38.46999999999999,1.0644221105527656,0.0,765.9699999999999,765.9699999999999,194489.0242211054,0.0,0.0,2.4095979899,30
200,SF,19.0,0,2,WEIGHTED,4.735101200026295E-16,1.3025588763654612E-31,3.53816441943268E-31,2.824549443958056E-61,38.48,1.1754773869346755,38.48,1.1754773869346755,0.0,765.8100000000003,765.8100000000003,193745.18984924635,0.0,0.0,2.4095979899,30
200,SF,19.0,0,3,WEIGHTED,1.6736612096224234E-15,4.484780472347632E-30,7.263498414580683E-30,9.76005046634019E-58,39.56499999999997,1.3625879396984952,39.56499999999997,1.3625879396984952,0.0,787.8050000000001,787.8050000000001,206106.26831658292,0.0,0.0,2.4095979899,30
200,SF,19.0,0,4,WEIGHTED,9.159339953157541E-16,9.501202776097449E-31,1.7843047599967756E-30,3.7260301288804767E-59,39.44000000000002,1.4536683417085425,39.44000000000002,1.4536683417085425,0.0,784.3399999999999,784.3399999999999,202046.13507537683,0.0,0.0,2.4095979899,30
200,SF,19.0,0,5,WEIGHTED,6.455946888195291E-16,1.2625834614844066E-30,1.6730630464089685E-30,2.4496221942534948E-58,39.57500000000002,1.411432160804016,39.57500000000002,1.411432160804016,0.0,788.655,788.655,208409.7145477386,0.0,0.0,2.4095979899,30
200,SF,19.0,0,6,WEIGHTED,2.8976820942716604E-16,3.478395941849998E-32,1.1857565481603335E-31,1.6517607851066768E-62,38.62000000000002,1.2217085427135728,38.62000000000002,1.2217085427135728,0.0,767.8949999999999,767.8949999999999,192082.62711055292,0.0,0.0,2.4095979899,30
200,SF,19.0,0,7,WEIGHTED,2.8144153674247715E-16,2.760982198545795E-32,1.066811114794978E-31,9.791558430157177E-63,39.58500000000001,1.4299246231155784,39.58500000000001,1.4299246231155784,0.0,788.2899999999994,788.2899999999994,206308.26723618087,0.0,0.0,2.4095979899,30
200,SF,19.0,0,8,WEIGHTED,1.188493747861229E-15,2.6061394440493624E-30,4.005626135534345E-30,3.289466563896695E-58,39.475,1.2355527638190944,39.475,1.2355527638190944,0.0,786.46,786.46,206281.63658291445,0.0,0.0,2.4095979899,30
200,SF,19.0,0,9,WEIGHTED,7.399636459126666E-16,7.1716939215226705E-31,1.2611297424638724E-30,2.9817653282864945E-59,39.574999999999996,1.4114321608040203,39.574999999999996,1.4114321608040203,0.0,788.1799999999998,788.1799999999998,206715.82673366842,0.0,0.0,2.4095979899,30
200,SF,19.0,0,10,WEIGHTED,3.6193270602780096E-16,1.1461772360971872E-31,2.450399186842767E-31,8.396602230426914E-61,38.375000000000014,1.240577889447236,38.375000000000014,1.240577889447236,0.0,764.76,764.76,196836.61547738677,0.0,0.0,2.4095979899,30
200,SF,19.0,0,11,WEIGHTED,3.008704396734176E-16,6.956915762610992E-32,1.5974433330725492E-31,1.2010465904806189E-61,39.584999999999994,1.4098241206030164,39.584999999999994,1.4098241206030164,0.0,788.515,788.515,207250.71334170853,0.0,0.0,2.4095979899,30
200,SF,19.0,0,12,WEIGHTED,4.3853809472693685E-16,3.7875977036954214E-32,2.3000225767850126E-31,3.489397261120179E-62,39.28499999999998,1.4510301507537682,39.28499999999998,1.4510301507537682,0.0,783.6199999999999,783.6199999999999,207888.07597989927,0.0,0.0,2.4095979899,30
200,SF,19.0,0,13,WEIGHTED,4.2854608750531026E-16,4.100887469603702E-32,2.2445557943866585E-31,3.72029129556039E-62,39.45500000000002,1.1034924623115583,39.45500000000002,1.1034924623115583,0.0,785.675,785.675,204712.98429648246,0.0,0.0,2.4095979899,30
200,SF,19.0,0,14,WEIGHTED,4.2077452633293463E-16,4.596638483517645E-31,6.344167311207101E-31,2.254890070298594E-59,39.44500000000001,1.4240954773869263,39.44500000000001,1.4240954773869263,0.0,786.0699999999997,786.0699999999997,207003.21115577876,0.0,0.0,2.4095979899,30
200,SF,19.0,0,15,WEIGHTED,4.3742787170231177E-16,3.850949378778656E-31,5.745126061304898E-31,1.483266970876626E-59,39.304999999999964,1.1879145728643257,39.304999999999964,1.1879145728643257,0.0,782.9600000000005,782.9600000000005,204976.77226130656,0.0,0.0,2.4095979899,30
200,SF,19.0,0,16,WEIGHTED,5.762057497804562E-16,3.1265798346220357E-32,3.6312253543454705E-31,4.099923139707448E-62,38.30000000000003,1.1959798994974895,38.30000000000003,1.1959798994974895,0.0,761.8249999999999,761.8249999999999,189706.5973618089,0.0,0.0,2.4095979899,30
200,SF,19.0,0,17,WEIGHTED,3.896882816434298E-16,9.402285465667331E-32,2.4540969723359914E-31,1.3265041310601137E-61,39.11,1.1637185929648233,39.11,1.1637185929648233,0.0,777.3300000000004,777.3300000000004,197177.95085427124,0.0,0.0,2.4095979899,30
200,SF,19.0,0,18,WEIGHTED,7.938094626069871E-16,7.35190367032098E-31,1.3616478781213305E-30,2.4653312434980594E-59,39.580000000000005,1.3503517587939702,39.580000000000005,1.3503517587939702,0.0,788.5199999999996,788.5199999999996,207306.5222110552,0.0,0.0,2.4095979899,30
200,SF,19.0,0,19,WEIGHTED,3.4916514124461183E-16,4.873365388845523E-32,1.704062814793826E-31,3.327390087376731E-62,39.08499999999998,1.1836934673366857,39.08499999999998,1.1836934673366857,0.0,778.2000000000005,778.2000000000005,200991.85929648246,0.0,0.0,2.4095979899,30
200,SF,19.0,0,20,WEIGHTED,3.508304757815496E-16,3.932412150649465E-32,1.6220952363607058E-31,2.4249775183150872E-62,39.56,1.3833165829145735,39.56,1.3833165829145735,0.0,787.8849999999994,787.8849999999994,206599.0168592963,0.0,0.0,2.4095979899,30
200,SF,19.0,0,21,WEIGHTED,1.4932499681208358E-16,2.1009553607603726E-32,4.320246051249448E-32,4.293710594919748E-63,38.99999999999999,1.276381909547739,38.99999999999999,1.276381909547739,0.0,775.1549999999999,775.1549999999999,196880.31253768844,0.0,0.0,2.4095979899,30
200,SF,19.0,0,22,WEIGHTED,3.7192471324942725E-16,3.515064099504741E-32,1.7330288011574097E-31,2.281782448052198E-62,39.56999999999999,1.2011055276381897,39.56999999999999,1.2011055276381897,0.0,788.1949999999997,788.1949999999997,206981.68540201007,0.0,0.0,2.4095979899,30
200,SF,19.0,0,23,WEIGHTED,2.764455331316641E-16,7.234404523241498E-32,1.4840445779470281E-31,1.2212020066404632E-61,38.715000000000025,1.239974874371856,38.715000000000025,1.239974874371856,0.0,769.865,769.865,194324.54952261306,0.0,0.0,2.4095979899,30
200,SF,19.0,0,24,WEIGHTED,2.2593038551121917E-16,4.476705115837096E-32,9.55877549998273E-32,4.150106690363163E-62,39.59999999999998,1.4170854271356803,39.59999999999998,1.4170854271356803,0.0,788.8700000000001,788.8700000000001,207720.30462311572,0.0,0.0,2.4095979899,30
200,SF,19.0,0,25,WEIGHTED,3.3084646133829665E-16,3.26990773464413E-32,1.4199496293978219E-31,1.7701585857910928E-62,38.74999999999999,1.223618090452265,38.74999999999999,1.223618090452265,0.0,772.1699999999997,772.1699999999997,199321.78000000003,0.0,0.0,2.4095979899,30
200,SF,19.0,0,26,WEIGHTED,4.2188474935755947E-16,3.1713001214915053E-32,2.095411779493312E-31,2.6794488088859175E-62,39.55000000000001,1.103015075376882,39.55000000000001,1.103015075376882,0.0,788.4499999999996,788.4499999999996,208507.89698492465,0.0,0.0,2.4095979899,30
200,SF,19.0,0,27,WEIGHTED,8.248957072964917E-16,7.5522901967477265E-31,1.4319058024925758E-30,1.657954927750887E-59,39.56,1.3833165829145753,39.56,1.3833165829145753,0.0,787.8800000000001,787.8800000000001,206657.2920603016,0.0,0.0,2.4095979899,30
200,SF,19.0,0,28,WEIGHTED,5.112577028398848E-16,1.4182865550177018E-31,4.025039509373774E-31,7.212960719782472E-61,39.545,1.3647989949748744,39.545,1.3647989949748744,0.0,787.5249999999997,787.5249999999997,206225.20540201,0.0,0.0,2.4095979899,30
200,SF,19.0,0,29,WEIGHTED,7.67164110015983E-16,1.5895138439797113E-30,2.1701070464564286E-30,4.069585354499266E-58,39.545,1.3647989949748744,39.545,1.3647989949748744,0.0,787.6700000000004,787.6700000000004,206632.59407035168,0.0,0.0,2.4095979899,30
200,SF,19.0,0,30,WEIGHTED,3.4194869158454827E-16,4.303057852348786E-32,1.597443333072549E-31,2.3899193096006917E-62,39.004999999999995,1.040175879396987,39.004999999999995,1.040175879396987,0.0,776.89,776.89,201018.23909547733,0.0,0.0,2.4095979899,30
200,SF,19.0,0,31,WEIGHTED,1.7763568394002506E-16,5.302017390618611E-32,8.430950924549561E-32,7.174631874891639E-62,39.550000000000004,1.3844221105527648,39.550000000000004,1.3844221105527648,0.0,787.58,787.58,206188.60663316573,0.0,0.0,2.4095979899,30
200,SF,19.0,0,32,WEIGHTED,2.6867397195928783E-16,5.467519615708949E-32,1.2658752338468423E-31,1.829038511403317E-61,39.294999999999995,1.2843969849246213,39.294999999999995,1.2843969849246213,0.0,782.53,782.53,204236.4011055275,0.0,0.0,2.4095979899,30
200,SF,19.0,0,33,WEIGHTED,7.632783294297947E-16,6.135645037300715E-31,1.19309048938856E-30,1.5774798765861632E-59,39.56999999999997,1.331758793969851,39.56999999999997,1.331758793969851,0.0,787.9999999999998,787.9999999999998,206198.25125628145,0.0,0.0,2.4095979899,30
200,SF,19.0,0,34,WEIGHTED,4.2854608750531046E-16,4.0389480141058214E-32,2.238392818564622E-31,3.6226978543591435E-62,38.40999999999999,1.2682412060301491,38.40999999999999,1.2682412060301491,0.0,764.1699999999997,764.1699999999997,192164.58402010053,0.0,0.0,2.4095979899,30
